agency_cd,site_no,Date,waterYear,X_00060_00003,X_00060_00003_cd
USGS,10167500,10/01/63,1964,21,A
USGS,10167500,10/02/63,1964,21,A
USGS,10167500,10/03/63,1964,20,A
USGS,10167500,10/04/63,1964,21,A
USGS,10167500,10/05/63,1964,22,A
USGS,10167500,10/06/63,1964,16,A
USGS,10167500,10/07/63,1964,22,A
USGS,10167500,10/08/63,1964,20,A
USGS,10167500,10/09/63,1964,18,A
USGS,10167500,10/10/63,1964,19,A
USGS,10167500,10/11/63,1964,19,A
USGS,10167500,10/12/63,1964,18,A
USGS,10167500,10/13/63,1964,20,A
USGS,10167500,10/14/63,1964,20,A
USGS,10167500,10/15/63,1964,20,A
USGS,10167500,10/16/63,1964,21,A
USGS,10167500,10/17/63,1964,20,A
USGS,10167500,10/18/63,1964,20,A
USGS,10167500,10/19/63,1964,20,A
USGS,10167500,10/20/63,1964,20,A
USGS,10167500,10/21/63,1964,20,A
USGS,10167500,10/22/63,1964,19,A
USGS,10167500,10/23/63,1964,20,A
USGS,10167500,10/24/63,1964,20,A
USGS,10167500,10/25/63,1964,19,A
USGS,10167500,10/26/63,1964,20,A
USGS,10167500,10/27/63,1964,20,A
USGS,10167500,10/28/63,1964,18,A
USGS,10167500,10/29/63,1964,18,A
USGS,10167500,10/30/63,1964,18,A
USGS,10167500,10/31/63,1964,18,A
USGS,10167500,11/01/63,1964,17,A
USGS,10167500,11/02/63,1964,18,A
USGS,10167500,11/03/63,1964,18,A
USGS,10167500,11/04/63,1964,18,A
USGS,10167500,11/05/63,1964,17,A
USGS,10167500,11/06/63,1964,18,A
USGS,10167500,11/07/63,1964,18,A
USGS,10167500,11/08/63,1964,19,A
USGS,10167500,11/09/63,1964,20,A
USGS,10167500,11/10/63,1964,19,A
USGS,10167500,11/11/63,1964,20,A
USGS,10167500,11/12/63,1964,19,A
USGS,10167500,11/13/63,1964,18,A
USGS,10167500,11/14/63,1964,18,A
USGS,10167500,11/15/63,1964,19,A
USGS,10167500,11/16/63,1964,20,A
USGS,10167500,11/17/63,1964,20,A
USGS,10167500,11/18/63,1964,20,A
USGS,10167500,11/19/63,1964,18,A
USGS,10167500,11/20/63,1964,19,A
USGS,10167500,11/21/63,1964,17,A
USGS,10167500,11/22/63,1964,16,A
USGS,10167500,11/23/63,1964,18,A
USGS,10167500,11/24/63,1964,18,A
USGS,10167500,11/25/63,1964,18,A
USGS,10167500,11/26/63,1964,17,A
USGS,10167500,11/27/63,1964,18,A
USGS,10167500,11/28/63,1964,16,A
USGS,10167500,11/29/63,1964,16,A
USGS,10167500,11/30/63,1964,17,A
USGS,10167500,12/01/63,1964,17,A
USGS,10167500,12/02/63,1964,15,A
USGS,10167500,12/03/63,1964,15,A
USGS,10167500,12/04/63,1964,15,A
USGS,10167500,12/05/63,1964,14,A
USGS,10167500,12/06/63,1964,15,A
USGS,10167500,12/07/63,1964,15,A
USGS,10167500,12/08/63,1964,16,A
USGS,10167500,12/09/63,1964,16,A
USGS,10167500,12/10/63,1964,16,A
USGS,10167500,12/11/63,1964,14,A
USGS,10167500,12/12/63,1964,15,A
USGS,10167500,12/13/63,1964,16,A
USGS,10167500,12/14/63,1964,16,A
USGS,10167500,12/15/63,1964,15,A
USGS,10167500,12/16/63,1964,15,A
USGS,10167500,12/17/63,1964,15,A
USGS,10167500,12/18/63,1964,15,A
USGS,10167500,12/19/63,1964,15,A
USGS,10167500,12/20/63,1964,15,A
USGS,10167500,12/21/63,1964,15,A
USGS,10167500,12/22/63,1964,15,A
USGS,10167500,12/23/63,1964,14,A
USGS,10167500,12/24/63,1964,15,A
USGS,10167500,12/25/63,1964,15,A
USGS,10167500,12/26/63,1964,14,A
USGS,10167500,12/27/63,1964,15,A
USGS,10167500,12/28/63,1964,15,A
USGS,10167500,12/29/63,1964,15,A
USGS,10167500,12/30/63,1964,13,A
USGS,10167500,12/31/63,1964,15,A
USGS,10167500,01/01/64,1964,14,A
USGS,10167500,01/02/64,1964,15,A
USGS,10167500,01/03/64,1964,13,A
USGS,10167500,01/04/64,1964,13,A
USGS,10167500,01/05/64,1964,14,A
USGS,10167500,01/06/64,1964,14,A
USGS,10167500,01/07/64,1964,14,A
USGS,10167500,01/08/64,1964,14,A
USGS,10167500,01/09/64,1964,14,A
USGS,10167500,01/10/64,1964,14,A
USGS,10167500,01/11/64,1964,13,A
USGS,10167500,01/12/64,1964,13,A
USGS,10167500,01/13/64,1964,13,A
USGS,10167500,01/14/64,1964,14,A
USGS,10167500,01/15/64,1964,14,A
USGS,10167500,01/16/64,1964,14,A
USGS,10167500,01/17/64,1964,14,A
USGS,10167500,01/18/64,1964,13,A
USGS,10167500,01/19/64,1964,13,A
USGS,10167500,01/20/64,1964,12,A
USGS,10167500,01/21/64,1964,14,A
USGS,10167500,01/22/64,1964,14,A
USGS,10167500,01/23/64,1964,13,A
USGS,10167500,01/24/64,1964,13,A
USGS,10167500,01/25/64,1964,10,A
USGS,10167500,01/26/64,1964,14,A
USGS,10167500,01/27/64,1964,14,A
USGS,10167500,01/28/64,1964,14,A
USGS,10167500,01/29/64,1964,13,A
USGS,10167500,01/30/64,1964,14,A
USGS,10167500,01/31/64,1964,13,A
USGS,10167500,02/01/64,1964,12,A
USGS,10167500,02/02/64,1964,13,A
USGS,10167500,02/03/64,1964,10,A
USGS,10167500,02/04/64,1964,11,A
USGS,10167500,02/05/64,1964,11,A
USGS,10167500,02/06/64,1964,15,A
USGS,10167500,02/07/64,1964,12,A
USGS,10167500,02/08/64,1964,12,A
USGS,10167500,02/09/64,1964,11,A
USGS,10167500,02/10/64,1964,13,A
USGS,10167500,02/11/64,1964,14,A
USGS,10167500,02/12/64,1964,12,A
USGS,10167500,02/13/64,1964,12,A
USGS,10167500,02/14/64,1964,12,A
USGS,10167500,02/15/64,1964,10,A
USGS,10167500,02/16/64,1964,12,A
USGS,10167500,02/17/64,1964,16,A
USGS,10167500,02/18/64,1964,13,A
USGS,10167500,02/19/64,1964,13,A
USGS,10167500,02/20/64,1964,12,A
USGS,10167500,02/21/64,1964,12,A
USGS,10167500,02/22/64,1964,12,A
USGS,10167500,02/23/64,1964,12,A
USGS,10167500,02/24/64,1964,14,A
USGS,10167500,02/25/64,1964,14,A
USGS,10167500,02/26/64,1964,12,A
USGS,10167500,02/27/64,1964,14,A
USGS,10167500,02/28/64,1964,14,A
USGS,10167500,02/29/64,1964,14,A
USGS,10167500,03/01/64,1964,14,A
USGS,10167500,03/02/64,1964,14,A
USGS,10167500,03/03/64,1964,15,A
USGS,10167500,03/04/64,1964,14,A
USGS,10167500,03/05/64,1964,15,A
USGS,10167500,03/06/64,1964,13,A
USGS,10167500,03/07/64,1964,12,A
USGS,10167500,03/08/64,1964,12,A
USGS,10167500,03/09/64,1964,14,A
USGS,10167500,03/10/64,1964,12,A
USGS,10167500,03/11/64,1964,12,A
USGS,10167500,03/12/64,1964,14,A
USGS,10167500,03/13/64,1964,12,A
USGS,10167500,03/14/64,1964,12,A
USGS,10167500,03/15/64,1964,12,A
USGS,10167500,03/16/64,1964,12,A
USGS,10167500,03/17/64,1964,14,A
USGS,10167500,03/18/64,1964,14,A
USGS,10167500,03/19/64,1964,14,A
USGS,10167500,03/20/64,1964,14,A
USGS,10167500,03/21/64,1964,13,A
USGS,10167500,03/22/64,1964,13,A
USGS,10167500,03/23/64,1964,12,A
USGS,10167500,03/24/64,1964,13,A
USGS,10167500,03/25/64,1964,13,A
USGS,10167500,03/26/64,1964,13,A
USGS,10167500,03/27/64,1964,13,A
USGS,10167500,03/28/64,1964,13,A
USGS,10167500,03/29/64,1964,14,A
USGS,10167500,03/30/64,1964,14,A
USGS,10167500,03/31/64,1964,16,A
USGS,10167500,04/01/64,1964,16,A
USGS,10167500,04/02/64,1964,10,A
USGS,10167500,04/03/64,1964,12,A
USGS,10167500,04/04/64,1964,12,A
USGS,10167500,04/05/64,1964,14,A
USGS,10167500,04/06/64,1964,16,A
USGS,10167500,04/07/64,1964,16,A
USGS,10167500,04/08/64,1964,16,A
USGS,10167500,04/09/64,1964,16,A
USGS,10167500,04/10/64,1964,16,A
USGS,10167500,04/11/64,1964,16,A
USGS,10167500,04/12/64,1964,16,A
USGS,10167500,04/13/64,1964,16,A
USGS,10167500,04/14/64,1964,16,A
USGS,10167500,04/15/64,1964,16,A
USGS,10167500,04/16/64,1964,18,A
USGS,10167500,04/17/64,1964,20,A
USGS,10167500,04/18/64,1964,18,A
USGS,10167500,04/19/64,1964,19,A
USGS,10167500,04/20/64,1964,17,A
USGS,10167500,04/21/64,1964,18,A
USGS,10167500,04/22/64,1964,19,A
USGS,10167500,04/23/64,1964,19,A
USGS,10167500,04/24/64,1964,20,A
USGS,10167500,04/25/64,1964,21,A
USGS,10167500,04/26/64,1964,21,A
USGS,10167500,04/27/64,1964,21,A
USGS,10167500,04/28/64,1964,25,A
USGS,10167500,04/29/64,1964,33,A
USGS,10167500,04/30/64,1964,37,A
USGS,10167500,05/01/64,1964,35,A
USGS,10167500,05/02/64,1964,33,A
USGS,10167500,05/03/64,1964,26,A
USGS,10167500,05/04/64,1964,27,A
USGS,10167500,05/05/64,1964,32,A
USGS,10167500,05/06/64,1964,31,A
USGS,10167500,05/07/64,1964,31,A
USGS,10167500,05/08/64,1964,29,A
USGS,10167500,05/09/64,1964,30,A
USGS,10167500,05/10/64,1964,34,A
USGS,10167500,05/11/64,1964,38,A
USGS,10167500,05/12/64,1964,42,A
USGS,10167500,05/13/64,1964,62,A
USGS,10167500,05/14/64,1964,105,A
USGS,10167500,05/15/64,1964,142,A
USGS,10167500,05/16/64,1964,181,A
USGS,10167500,05/17/64,1964,216,A
USGS,10167500,05/18/64,1964,240,A
USGS,10167500,05/19/64,1964,279,A
USGS,10167500,05/20/64,1964,321,A
USGS,10167500,05/21/64,1964,362,A
USGS,10167500,05/22/64,1964,381,A
USGS,10167500,05/23/64,1964,379,A
USGS,10167500,05/24/64,1964,381,A
USGS,10167500,05/25/64,1964,404,A
USGS,10167500,05/26/64,1964,402,A
USGS,10167500,05/27/64,1964,406,A
USGS,10167500,05/28/64,1964,320,A
USGS,10167500,05/29/64,1964,260,A
USGS,10167500,05/30/64,1964,209,A
USGS,10167500,05/31/64,1964,190,A
USGS,10167500,06/01/64,1964,222,A
USGS,10167500,06/02/64,1964,322,A
USGS,10167500,06/03/64,1964,402,A
USGS,10167500,06/04/64,1964,409,A
USGS,10167500,06/05/64,1964,405,A
USGS,10167500,06/06/64,1964,505,A
USGS,10167500,06/07/64,1964,497,A
USGS,10167500,06/08/64,1964,359,A
USGS,10167500,06/09/64,1964,259,A
USGS,10167500,06/10/64,1964,173,A
USGS,10167500,06/11/64,1964,161,A
USGS,10167500,06/12/64,1964,179,A
USGS,10167500,06/13/64,1964,264,A
USGS,10167500,06/14/64,1964,298,A
USGS,10167500,06/15/64,1964,321,A
USGS,10167500,06/16/64,1964,388,A
USGS,10167500,06/17/64,1964,395,A
USGS,10167500,06/18/64,1964,313,A
USGS,10167500,06/19/64,1964,268,A
USGS,10167500,06/20/64,1964,224,A
USGS,10167500,06/21/64,1964,271,A
USGS,10167500,06/22/64,1964,263,A
USGS,10167500,06/23/64,1964,253,A
USGS,10167500,06/24/64,1964,263,A
USGS,10167500,06/25/64,1964,291,A
USGS,10167500,06/26/64,1964,343,A
USGS,10167500,06/27/64,1964,390,A
USGS,10167500,06/28/64,1964,424,A
USGS,10167500,06/29/64,1964,410,A
USGS,10167500,06/30/64,1964,376,A
USGS,10167500,07/01/64,1964,351,A
USGS,10167500,07/02/64,1964,301,A
USGS,10167500,07/03/64,1964,261,A
USGS,10167500,07/04/64,1964,277,A
USGS,10167500,07/05/64,1964,277,A
USGS,10167500,07/06/64,1964,243,A
USGS,10167500,07/07/64,1964,221,A
USGS,10167500,07/08/64,1964,222,A
USGS,10167500,07/09/64,1964,226,A
USGS,10167500,07/10/64,1964,219,A
USGS,10167500,07/11/64,1964,210,A
USGS,10167500,07/12/64,1964,188,A
USGS,10167500,07/13/64,1964,177,A
USGS,10167500,07/14/64,1964,178,A
USGS,10167500,07/15/64,1964,181,A
USGS,10167500,07/16/64,1964,149,A
USGS,10167500,07/17/64,1964,127,A
USGS,10167500,07/18/64,1964,118,A
USGS,10167500,07/19/64,1964,116,A
USGS,10167500,07/20/64,1964,112,A
USGS,10167500,07/21/64,1964,110,A
USGS,10167500,07/22/64,1964,108,A
USGS,10167500,07/23/64,1964,108,A
USGS,10167500,07/24/64,1964,104,A
USGS,10167500,07/25/64,1964,92,A
USGS,10167500,07/26/64,1964,87,A
USGS,10167500,07/27/64,1964,76,A
USGS,10167500,07/28/64,1964,68,A
USGS,10167500,07/29/64,1964,62,A
USGS,10167500,07/30/64,1964,60,A
USGS,10167500,07/31/64,1964,56,A
USGS,10167500,08/01/64,1964,58,A
USGS,10167500,08/02/64,1964,58,A
USGS,10167500,08/03/64,1964,64,A
USGS,10167500,08/04/64,1964,62,A
USGS,10167500,08/05/64,1964,60,A
USGS,10167500,08/06/64,1964,54,A
USGS,10167500,08/07/64,1964,60,A
USGS,10167500,08/08/64,1964,62,A
USGS,10167500,08/09/64,1964,56,A
USGS,10167500,08/10/64,1964,46,A
USGS,10167500,08/11/64,1964,44,A
USGS,10167500,08/12/64,1964,46,A
USGS,10167500,08/13/64,1964,46,A
USGS,10167500,08/14/64,1964,48,A
USGS,10167500,08/15/64,1964,46,A
USGS,10167500,08/16/64,1964,44,A
USGS,10167500,08/17/64,1964,43,A
USGS,10167500,08/18/64,1964,38,A
USGS,10167500,08/19/64,1964,36,A
USGS,10167500,08/20/64,1964,33,A
USGS,10167500,08/21/64,1964,30,A
USGS,10167500,08/22/64,1964,29,A
USGS,10167500,08/23/64,1964,31,A
USGS,10167500,08/24/64,1964,29,A
USGS,10167500,08/25/64,1964,27,A
USGS,10167500,08/26/64,1964,25,A
USGS,10167500,08/27/64,1964,23,A
USGS,10167500,08/28/64,1964,22,A
USGS,10167500,08/29/64,1964,21,A
USGS,10167500,08/30/64,1964,21,A
USGS,10167500,08/31/64,1964,22,A
USGS,10167500,09/01/64,1964,24,A
USGS,10167500,09/02/64,1964,28,A
USGS,10167500,09/03/64,1964,32,A
USGS,10167500,09/04/64,1964,32,A
USGS,10167500,09/05/64,1964,31,A
USGS,10167500,09/06/64,1964,30,A
USGS,10167500,09/07/64,1964,29,A
USGS,10167500,09/08/64,1964,30,A
USGS,10167500,09/09/64,1964,28,A
USGS,10167500,09/10/64,1964,28,A
USGS,10167500,09/11/64,1964,28,A
USGS,10167500,09/12/64,1964,27,A
USGS,10167500,09/13/64,1964,26,A
USGS,10167500,09/14/64,1964,26,A
USGS,10167500,09/15/64,1964,25,A
USGS,10167500,09/16/64,1964,23,A
USGS,10167500,09/17/64,1964,31,A
USGS,10167500,09/18/64,1964,25,A
USGS,10167500,09/19/64,1964,24,A
USGS,10167500,09/20/64,1964,24,A
USGS,10167500,09/21/64,1964,23,A
USGS,10167500,09/22/64,1964,23,A
USGS,10167500,09/23/64,1964,23,A
USGS,10167500,09/24/64,1964,23,A
USGS,10167500,09/25/64,1964,23,A
USGS,10167500,09/26/64,1964,22,A
USGS,10167500,09/27/64,1964,22,A
USGS,10167500,09/28/64,1964,22,A
USGS,10167500,09/29/64,1964,23,A
USGS,10167500,09/30/64,1964,23,A
USGS,10167500,10/01/64,1965,20,A
USGS,10167500,10/02/64,1965,21,A
USGS,10167500,10/03/64,1965,20,A
USGS,10167500,10/04/64,1965,19,A
USGS,10167500,10/05/64,1965,19,A
USGS,10167500,10/06/64,1965,18,A
USGS,10167500,10/07/64,1965,18,A
USGS,10167500,10/08/64,1965,18,A
USGS,10167500,10/09/64,1965,18,A
USGS,10167500,10/10/64,1965,17,A
USGS,10167500,10/11/64,1965,18,A
USGS,10167500,10/12/64,1965,17,A
USGS,10167500,10/13/64,1965,17,A
USGS,10167500,10/14/64,1965,17,A
USGS,10167500,10/15/64,1965,16,A
USGS,10167500,10/16/64,1965,17,A
USGS,10167500,10/17/64,1965,14,A
USGS,10167500,10/18/64,1965,16,A
USGS,10167500,10/19/64,1965,17,A
USGS,10167500,10/20/64,1965,16,A
USGS,10167500,10/21/64,1965,17,A
USGS,10167500,10/22/64,1965,18,A
USGS,10167500,10/23/64,1965,19,A
USGS,10167500,10/24/64,1965,19,A
USGS,10167500,10/25/64,1965,19,A
USGS,10167500,10/26/64,1965,19,A
USGS,10167500,10/27/64,1965,19,A
USGS,10167500,10/28/64,1965,19,A
USGS,10167500,10/29/64,1965,18,A
USGS,10167500,10/30/64,1965,18,A
USGS,10167500,10/31/64,1965,18,A
USGS,10167500,11/01/64,1965,19,A
USGS,10167500,11/02/64,1965,20,A
USGS,10167500,11/03/64,1965,18,A
USGS,10167500,11/04/64,1965,18,A
USGS,10167500,11/05/64,1965,18,A
USGS,10167500,11/06/64,1965,18,A
USGS,10167500,11/07/64,1965,18,A
USGS,10167500,11/08/64,1965,17,A
USGS,10167500,11/09/64,1965,17,A
USGS,10167500,11/10/64,1965,17,A
USGS,10167500,11/11/64,1965,15,A
USGS,10167500,11/12/64,1965,17,A
USGS,10167500,11/13/64,1965,18,A
USGS,10167500,11/14/64,1965,17,A
USGS,10167500,11/15/64,1965,16,A
USGS,10167500,11/16/64,1965,18,A
USGS,10167500,11/17/64,1965,16,A
USGS,10167500,11/18/64,1965,16,A
USGS,10167500,11/19/64,1965,17,A
USGS,10167500,11/20/64,1965,17,A
USGS,10167500,11/21/64,1965,17,A
USGS,10167500,11/22/64,1965,17,A
USGS,10167500,11/23/64,1965,16,A
USGS,10167500,11/24/64,1965,17,A
USGS,10167500,11/25/64,1965,17,A
USGS,10167500,11/26/64,1965,17,A
USGS,10167500,11/27/64,1965,17,A
USGS,10167500,11/28/64,1965,17,A
USGS,10167500,11/29/64,1965,16,A
USGS,10167500,11/30/64,1965,17,A
USGS,10167500,12/01/64,1965,17,A
USGS,10167500,12/02/64,1965,17,A
USGS,10167500,12/03/64,1965,17,A
USGS,10167500,12/04/64,1965,17,A
USGS,10167500,12/05/64,1965,18,A
USGS,10167500,12/06/64,1965,18,A
USGS,10167500,12/07/64,1965,18,A
USGS,10167500,12/08/64,1965,17,A
USGS,10167500,12/09/64,1965,17,A
USGS,10167500,12/10/64,1965,19,A
USGS,10167500,12/11/64,1965,17,A
USGS,10167500,12/12/64,1965,16,A
USGS,10167500,12/13/64,1965,18,A
USGS,10167500,12/14/64,1965,18,A
USGS,10167500,12/15/64,1965,16,A
USGS,10167500,12/16/64,1965,16,A
USGS,10167500,12/17/64,1965,17,A
USGS,10167500,12/18/64,1965,19,A
USGS,10167500,12/19/64,1965,16,A
USGS,10167500,12/20/64,1965,16,A
USGS,10167500,12/21/64,1965,18,A
USGS,10167500,12/22/64,1965,17,A
USGS,10167500,12/23/64,1965,21,A
USGS,10167500,12/24/64,1965,20,A
USGS,10167500,12/25/64,1965,19,A
USGS,10167500,12/26/64,1965,18,A
USGS,10167500,12/27/64,1965,18,A
USGS,10167500,12/28/64,1965,18,A
USGS,10167500,12/29/64,1965,19,A
USGS,10167500,12/30/64,1965,18,A
USGS,10167500,12/31/64,1965,19,A
USGS,10167500,01/01/65,1965,19,A
USGS,10167500,01/02/65,1965,18,A
USGS,10167500,01/03/65,1965,19,A
USGS,10167500,01/04/65,1965,18,A
USGS,10167500,01/05/65,1965,19,A
USGS,10167500,01/06/65,1965,18,A
USGS,10167500,01/07/65,1965,18,A
USGS,10167500,01/08/65,1965,15,A
USGS,10167500,01/09/65,1965,17,A
USGS,10167500,01/10/65,1965,17,A
USGS,10167500,01/11/65,1965,17,A
USGS,10167500,01/12/65,1965,17,A
USGS,10167500,01/13/65,1965,17,A
USGS,10167500,01/14/65,1965,17,A
USGS,10167500,01/15/65,1965,16,A
USGS,10167500,01/16/65,1965,16,A
USGS,10167500,01/17/65,1965,17,A
USGS,10167500,01/18/65,1965,16,A
USGS,10167500,01/19/65,1965,16,A
USGS,10167500,01/20/65,1965,16,A
USGS,10167500,01/21/65,1965,17,A
USGS,10167500,01/22/65,1965,16,A
USGS,10167500,01/23/65,1965,16,A
USGS,10167500,01/24/65,1965,17,A
USGS,10167500,01/25/65,1965,16,A
USGS,10167500,01/26/65,1965,14,A
USGS,10167500,01/27/65,1965,17,A
USGS,10167500,01/28/65,1965,18,A
USGS,10167500,01/29/65,1965,17,A
USGS,10167500,01/30/65,1965,19,A
USGS,10167500,01/31/65,1965,19,A
USGS,10167500,02/01/65,1965,16,A
USGS,10167500,02/02/65,1965,16,A
USGS,10167500,02/03/65,1965,16,A
USGS,10167500,02/04/65,1965,16,A
USGS,10167500,02/05/65,1965,16,A
USGS,10167500,02/06/65,1965,16,A
USGS,10167500,02/07/65,1965,16,A
USGS,10167500,02/08/65,1965,16,A
USGS,10167500,02/09/65,1965,16,A
USGS,10167500,02/10/65,1965,16,A
USGS,10167500,02/11/65,1965,16,A
USGS,10167500,02/12/65,1965,16,A
USGS,10167500,02/13/65,1965,16,A
USGS,10167500,02/14/65,1965,16,A
USGS,10167500,02/15/65,1965,16,A
USGS,10167500,02/16/65,1965,16,A
USGS,10167500,02/17/65,1965,16,A
USGS,10167500,02/18/65,1965,16,A
USGS,10167500,02/19/65,1965,17,A
USGS,10167500,02/20/65,1965,17,A
USGS,10167500,02/21/65,1965,17,A
USGS,10167500,02/22/65,1965,17,A
USGS,10167500,02/23/65,1965,17,A
USGS,10167500,02/24/65,1965,17,A
USGS,10167500,02/25/65,1965,17,A
USGS,10167500,02/26/65,1965,17,A
USGS,10167500,02/27/65,1965,18,A
USGS,10167500,02/28/65,1965,18,A
USGS,10167500,03/01/65,1965,17,A
USGS,10167500,03/02/65,1965,16,A
USGS,10167500,03/03/65,1965,17,A
USGS,10167500,03/04/65,1965,18,A
USGS,10167500,03/05/65,1965,18,A
USGS,10167500,03/06/65,1965,18,A
USGS,10167500,03/07/65,1965,18,A
USGS,10167500,03/08/65,1965,18,A
USGS,10167500,03/09/65,1965,18,A
USGS,10167500,03/10/65,1965,18,A
USGS,10167500,03/11/65,1965,18,A
USGS,10167500,03/12/65,1965,19,A
USGS,10167500,03/13/65,1965,19,A
USGS,10167500,03/14/65,1965,18,A
USGS,10167500,03/15/65,1965,19,A
USGS,10167500,03/16/65,1965,19,A
USGS,10167500,03/17/65,1965,19,A
USGS,10167500,03/18/65,1965,16,A
USGS,10167500,03/19/65,1965,17,A
USGS,10167500,03/20/65,1965,18,A
USGS,10167500,03/21/65,1965,18,A
USGS,10167500,03/22/65,1965,19,A
USGS,10167500,03/23/65,1965,19,A
USGS,10167500,03/24/65,1965,18,A
USGS,10167500,03/25/65,1965,18,A
USGS,10167500,03/26/65,1965,18,A
USGS,10167500,03/27/65,1965,18,A
USGS,10167500,03/28/65,1965,18,A
USGS,10167500,03/29/65,1965,18,A
USGS,10167500,03/30/65,1965,18,A
USGS,10167500,03/31/65,1965,19,A
USGS,10167500,04/01/65,1965,19,A
USGS,10167500,04/02/65,1965,19,A
USGS,10167500,04/03/65,1965,19,A
USGS,10167500,04/04/65,1965,18,A
USGS,10167500,04/05/65,1965,18,A
USGS,10167500,04/06/65,1965,18,A
USGS,10167500,04/07/65,1965,17,A
USGS,10167500,04/08/65,1965,14,A
USGS,10167500,04/09/65,1965,15,A
USGS,10167500,04/10/65,1965,14,A
USGS,10167500,04/11/65,1965,13,A
USGS,10167500,04/12/65,1965,12,A
USGS,10167500,04/13/65,1965,12,A
USGS,10167500,04/14/65,1965,12,A
USGS,10167500,04/15/65,1965,13,A
USGS,10167500,04/16/65,1965,15,A
USGS,10167500,04/17/65,1965,15,A
USGS,10167500,04/18/65,1965,15,A
USGS,10167500,04/19/65,1965,13,A
USGS,10167500,04/20/65,1965,23,A
USGS,10167500,04/21/65,1965,30,A
USGS,10167500,04/22/65,1965,55,A
USGS,10167500,04/23/65,1965,62,A
USGS,10167500,04/24/65,1965,51,A
USGS,10167500,04/25/65,1965,48,A
USGS,10167500,04/26/65,1965,48,A
USGS,10167500,04/27/65,1965,54,A
USGS,10167500,04/28/65,1965,55,A
USGS,10167500,04/29/65,1965,61,A
USGS,10167500,04/30/65,1965,77,A
USGS,10167500,05/01/65,1965,96,A
USGS,10167500,05/02/65,1965,110,A
USGS,10167500,05/03/65,1965,111,A
USGS,10167500,05/04/65,1965,116,A
USGS,10167500,05/05/65,1965,109,A
USGS,10167500,05/06/65,1965,99,A
USGS,10167500,05/07/65,1965,89,A
USGS,10167500,05/08/65,1965,80,A
USGS,10167500,05/09/65,1965,70,A
USGS,10167500,05/10/65,1965,60,A
USGS,10167500,05/11/65,1965,52,A
USGS,10167500,05/12/65,1965,55,A
USGS,10167500,05/13/65,1965,67,A
USGS,10167500,05/14/65,1965,69,A
USGS,10167500,05/15/65,1965,86,A
USGS,10167500,05/16/65,1965,131,A
USGS,10167500,05/17/65,1965,153,A
USGS,10167500,05/18/65,1965,179,A
USGS,10167500,05/19/65,1965,210,A
USGS,10167500,05/20/65,1965,241,A
USGS,10167500,05/21/65,1965,232,A
USGS,10167500,05/22/65,1965,217,A
USGS,10167500,05/23/65,1965,209,A
USGS,10167500,05/24/65,1965,197,A
USGS,10167500,05/25/65,1965,164,A
USGS,10167500,05/26/65,1965,136,A
USGS,10167500,05/27/65,1965,118,A
USGS,10167500,05/28/65,1965,120,A
USGS,10167500,05/29/65,1965,144,A
USGS,10167500,05/30/65,1965,189,A
USGS,10167500,05/31/65,1965,246,A
USGS,10167500,06/01/65,1965,276,A
USGS,10167500,06/02/65,1965,279,A
USGS,10167500,06/03/65,1965,253,A
USGS,10167500,06/04/65,1965,283,A
USGS,10167500,06/05/65,1965,321,A
USGS,10167500,06/06/65,1965,346,A
USGS,10167500,06/07/65,1965,419,A
USGS,10167500,06/08/65,1965,413,A
USGS,10167500,06/09/65,1965,384,A
USGS,10167500,06/10/65,1965,356,A
USGS,10167500,06/11/65,1965,362,A
USGS,10167500,06/12/65,1965,402,A
USGS,10167500,06/13/65,1965,450,A
USGS,10167500,06/14/65,1965,391,A
USGS,10167500,06/15/65,1965,334,A
USGS,10167500,06/16/65,1965,318,A
USGS,10167500,06/17/65,1965,250,A
USGS,10167500,06/18/65,1965,237,A
USGS,10167500,06/19/65,1965,261,A
USGS,10167500,06/20/65,1965,304,A
USGS,10167500,06/21/65,1965,363,A
USGS,10167500,06/22/65,1965,388,A
USGS,10167500,06/23/65,1965,369,A
USGS,10167500,06/24/65,1965,472,A
USGS,10167500,06/25/65,1965,409,A
USGS,10167500,06/26/65,1965,306,A
USGS,10167500,06/27/65,1965,234,A
USGS,10167500,06/28/65,1965,196,A
USGS,10167500,06/29/65,1965,212,A
USGS,10167500,06/30/65,1965,269,A
USGS,10167500,07/01/65,1965,298,A
USGS,10167500,07/02/65,1965,304,A
USGS,10167500,07/03/65,1965,308,A
USGS,10167500,07/04/65,1965,305,A
USGS,10167500,07/05/65,1965,305,A
USGS,10167500,07/06/65,1965,291,A
USGS,10167500,07/07/65,1965,286,A
USGS,10167500,07/08/65,1965,282,A
USGS,10167500,07/09/65,1965,274,A
USGS,10167500,07/10/65,1965,273,A
USGS,10167500,07/11/65,1965,265,A
USGS,10167500,07/12/65,1965,250,A
USGS,10167500,07/13/65,1965,237,A
USGS,10167500,07/14/65,1965,212,A
USGS,10167500,07/15/65,1965,197,A
USGS,10167500,07/16/65,1965,192,A
USGS,10167500,07/17/65,1965,196,A
USGS,10167500,07/18/65,1965,199,A
USGS,10167500,07/19/65,1965,235,A
USGS,10167500,07/20/65,1965,219,A
USGS,10167500,07/21/65,1965,177,A
USGS,10167500,07/22/65,1965,157,A
USGS,10167500,07/23/65,1965,139,A
USGS,10167500,07/24/65,1965,123,A
USGS,10167500,07/25/65,1965,122,A
USGS,10167500,07/26/65,1965,119,A
USGS,10167500,07/27/65,1965,114,A
USGS,10167500,07/28/65,1965,111,A
USGS,10167500,07/29/65,1965,106,A
USGS,10167500,07/30/65,1965,106,A
USGS,10167500,07/31/65,1965,104,A
USGS,10167500,08/01/65,1965,96,A
USGS,10167500,08/02/65,1965,99,A
USGS,10167500,08/03/65,1965,84,A
USGS,10167500,08/04/65,1965,81,A
USGS,10167500,08/05/65,1965,74,A
USGS,10167500,08/06/65,1965,71,A
USGS,10167500,08/07/65,1965,68,A
USGS,10167500,08/08/65,1965,65,A
USGS,10167500,08/09/65,1965,64,A
USGS,10167500,08/10/65,1965,64,A
USGS,10167500,08/11/65,1965,63,A
USGS,10167500,08/12/65,1965,64,A
USGS,10167500,08/13/65,1965,65,A
USGS,10167500,08/14/65,1965,64,A
USGS,10167500,08/15/65,1965,64,A
USGS,10167500,08/16/65,1965,63,A
USGS,10167500,08/17/65,1965,63,A
USGS,10167500,08/18/65,1965,66,A
USGS,10167500,08/19/65,1965,65,A
USGS,10167500,08/20/65,1965,63,A
USGS,10167500,08/21/65,1965,70,A
USGS,10167500,08/22/65,1965,68,A
USGS,10167500,08/23/65,1965,63,A
USGS,10167500,08/24/65,1965,58,A
USGS,10167500,08/25/65,1965,55,A
USGS,10167500,08/26/65,1965,51,A
USGS,10167500,08/27/65,1965,49,A
USGS,10167500,08/28/65,1965,47,A
USGS,10167500,08/29/65,1965,47,A
USGS,10167500,08/30/65,1965,45,A
USGS,10167500,08/31/65,1965,44,A
USGS,10167500,09/01/65,1965,45,A
USGS,10167500,09/02/65,1965,42,A
USGS,10167500,09/03/65,1965,38,A
USGS,10167500,09/04/65,1965,40,A
USGS,10167500,09/05/65,1965,42,A
USGS,10167500,09/06/65,1965,63,A
USGS,10167500,09/07/65,1965,45,A
USGS,10167500,09/08/65,1965,40,A
USGS,10167500,09/09/65,1965,41,A
USGS,10167500,09/10/65,1965,46,A
USGS,10167500,09/11/65,1965,47,A
USGS,10167500,09/12/65,1965,43,A
USGS,10167500,09/13/65,1965,44,A
USGS,10167500,09/14/65,1965,46,A
USGS,10167500,09/15/65,1965,43,A
USGS,10167500,09/16/65,1965,35,A
USGS,10167500,09/17/65,1965,39,A
USGS,10167500,09/18/65,1965,35,A
USGS,10167500,09/19/65,1965,32,A
USGS,10167500,09/20/65,1965,33,A
USGS,10167500,09/21/65,1965,33,A
USGS,10167500,09/22/65,1965,32,A
USGS,10167500,09/23/65,1965,31,A
USGS,10167500,09/24/65,1965,31,A
USGS,10167500,09/25/65,1965,32,A
USGS,10167500,09/26/65,1965,31,A
USGS,10167500,09/27/65,1965,33,A
USGS,10167500,09/28/65,1965,31,A
USGS,10167500,09/29/65,1965,32,A
USGS,10167500,09/30/65,1965,31,A
USGS,10167500,10/01/65,1966,41,A
USGS,10167500,10/02/65,1966,37,A
USGS,10167500,10/03/65,1966,38,A
USGS,10167500,10/04/65,1966,43,A
USGS,10167500,10/05/65,1966,36,A
USGS,10167500,10/06/65,1966,37,A
USGS,10167500,10/07/65,1966,37,A
USGS,10167500,10/08/65,1966,39,A
USGS,10167500,10/09/65,1966,38,A
USGS,10167500,10/10/65,1966,37,A
USGS,10167500,10/11/65,1966,35,A
USGS,10167500,10/12/65,1966,33,A
USGS,10167500,10/13/65,1966,33,A
USGS,10167500,10/14/65,1966,31,A
USGS,10167500,10/15/65,1966,28,A
USGS,10167500,10/16/65,1966,28,A
USGS,10167500,10/17/65,1966,28,A
USGS,10167500,10/18/65,1966,28,A
USGS,10167500,10/19/65,1966,27,A
USGS,10167500,10/20/65,1966,27,A
USGS,10167500,10/21/65,1966,28,A
USGS,10167500,10/22/65,1966,27,A
USGS,10167500,10/23/65,1966,27,A
USGS,10167500,10/24/65,1966,27,A
USGS,10167500,10/25/65,1966,26,A
USGS,10167500,10/26/65,1966,25,A
USGS,10167500,10/27/65,1966,25,A
USGS,10167500,10/28/65,1966,25,A
USGS,10167500,10/29/65,1966,25,A
USGS,10167500,10/30/65,1966,24,A
USGS,10167500,10/31/65,1966,24,A
USGS,10167500,11/01/65,1966,23,A
USGS,10167500,11/02/65,1966,23,A
USGS,10167500,11/03/65,1966,23,A
USGS,10167500,11/04/65,1966,22,A
USGS,10167500,11/05/65,1966,22,A
USGS,10167500,11/06/65,1966,22,A
USGS,10167500,11/07/65,1966,22,A
USGS,10167500,11/08/65,1966,22,A
USGS,10167500,11/09/65,1966,19,A
USGS,10167500,11/10/65,1966,20,A
USGS,10167500,11/11/65,1966,20,A
USGS,10167500,11/12/65,1966,20,A
USGS,10167500,11/13/65,1966,20,A
USGS,10167500,11/14/65,1966,20,A
USGS,10167500,11/15/65,1966,22,A
USGS,10167500,11/16/65,1966,22,A
USGS,10167500,11/17/65,1966,23,A
USGS,10167500,11/18/65,1966,21,A
USGS,10167500,11/19/65,1966,18,A
USGS,10167500,11/20/65,1966,18,A
USGS,10167500,11/21/65,1966,17,A
USGS,10167500,11/22/65,1966,18,A
USGS,10167500,11/23/65,1966,18,A
USGS,10167500,11/24/65,1966,17,A
USGS,10167500,11/25/65,1966,19,A
USGS,10167500,11/26/65,1966,18,A
USGS,10167500,11/27/65,1966,18,A
USGS,10167500,11/28/65,1966,19,A
USGS,10167500,11/29/65,1966,19,A
USGS,10167500,11/30/65,1966,18,A
USGS,10167500,12/01/65,1966,21,A
USGS,10167500,12/02/65,1966,21,A
USGS,10167500,12/03/65,1966,23,A
USGS,10167500,12/04/65,1966,21,A
USGS,10167500,12/05/65,1966,21,A
USGS,10167500,12/06/65,1966,21,A
USGS,10167500,12/07/65,1966,21,A
USGS,10167500,12/08/65,1966,21,A
USGS,10167500,12/09/65,1966,21,A
USGS,10167500,12/10/65,1966,22,A
USGS,10167500,12/11/65,1966,19,A
USGS,10167500,12/12/65,1966,19,A
USGS,10167500,12/13/65,1966,19,A
USGS,10167500,12/14/65,1966,19,A
USGS,10167500,12/15/65,1966,19,A
USGS,10167500,12/16/65,1966,20,A
USGS,10167500,12/17/65,1966,19,A
USGS,10167500,12/18/65,1966,17,A
USGS,10167500,12/19/65,1966,17,A
USGS,10167500,12/20/65,1966,18,A
USGS,10167500,12/21/65,1966,18,A
USGS,10167500,12/22/65,1966,20,A
USGS,10167500,12/23/65,1966,17,A
USGS,10167500,12/24/65,1966,18,A
USGS,10167500,12/25/65,1966,18,A
USGS,10167500,12/26/65,1966,18,A
USGS,10167500,12/27/65,1966,18,A
USGS,10167500,12/28/65,1966,18,A
USGS,10167500,12/29/65,1966,21,A
USGS,10167500,12/30/65,1966,20,A
USGS,10167500,12/31/65,1966,20,A
USGS,10167500,01/01/66,1966,17,A
USGS,10167500,01/02/66,1966,16,A
USGS,10167500,01/03/66,1966,17,A
USGS,10167500,01/04/66,1966,17,A
USGS,10167500,01/05/66,1966,17,A
USGS,10167500,01/06/66,1966,17,A
USGS,10167500,01/07/66,1966,17,A
USGS,10167500,01/08/66,1966,18,A
USGS,10167500,01/09/66,1966,17,A
USGS,10167500,01/10/66,1966,17,A
USGS,10167500,01/11/66,1966,17,A
USGS,10167500,01/12/66,1966,17,A
USGS,10167500,01/13/66,1966,17,A
USGS,10167500,01/14/66,1966,17,A
USGS,10167500,01/15/66,1966,16,A
USGS,10167500,01/16/66,1966,12,A
USGS,10167500,01/17/66,1966,13,A
USGS,10167500,01/18/66,1966,14,A
USGS,10167500,01/19/66,1966,15,A
USGS,10167500,01/20/66,1966,16,A
USGS,10167500,01/21/66,1966,15,A
USGS,10167500,01/22/66,1966,17,A
USGS,10167500,01/23/66,1966,16,A
USGS,10167500,01/24/66,1966,16,A
USGS,10167500,01/25/66,1966,16,A
USGS,10167500,01/26/66,1966,16,A
USGS,10167500,01/27/66,1966,16,A
USGS,10167500,01/28/66,1966,15,A
USGS,10167500,01/29/66,1966,15,A
USGS,10167500,01/30/66,1966,15,A
USGS,10167500,01/31/66,1966,15,A
USGS,10167500,02/01/66,1966,16,A
USGS,10167500,02/02/66,1966,15,A
USGS,10167500,02/03/66,1966,14,A
USGS,10167500,02/04/66,1966,15,A
USGS,10167500,02/05/66,1966,15,A
USGS,10167500,02/06/66,1966,15,A
USGS,10167500,02/07/66,1966,15,A
USGS,10167500,02/08/66,1966,15,A
USGS,10167500,02/09/66,1966,15,A
USGS,10167500,02/10/66,1966,15,A
USGS,10167500,02/11/66,1966,14,A
USGS,10167500,02/12/66,1966,14,A
USGS,10167500,02/13/66,1966,14,A
USGS,10167500,02/14/66,1966,14,A
USGS,10167500,02/15/66,1966,14,A
USGS,10167500,02/16/66,1966,14,A
USGS,10167500,02/17/66,1966,14,A
USGS,10167500,02/18/66,1966,14,A
USGS,10167500,02/19/66,1966,14,A
USGS,10167500,02/20/66,1966,13,A
USGS,10167500,02/21/66,1966,13,A
USGS,10167500,02/22/66,1966,13,A
USGS,10167500,02/23/66,1966,15,A
USGS,10167500,02/24/66,1966,15,A
USGS,10167500,02/25/66,1966,15,A
USGS,10167500,02/26/66,1966,15,A
USGS,10167500,02/27/66,1966,15,A
USGS,10167500,02/28/66,1966,15,A
USGS,10167500,03/01/66,1966,15,A
USGS,10167500,03/02/66,1966,16,A
USGS,10167500,03/03/66,1966,15,A
USGS,10167500,03/04/66,1966,15,A
USGS,10167500,03/05/66,1966,16,A
USGS,10167500,03/06/66,1966,16,A
USGS,10167500,03/07/66,1966,16,A
USGS,10167500,03/08/66,1966,16,A
USGS,10167500,03/09/66,1966,16,A
USGS,10167500,03/10/66,1966,16,A
USGS,10167500,03/11/66,1966,16,A
USGS,10167500,03/12/66,1966,16,A
USGS,10167500,03/13/66,1966,17,A
USGS,10167500,03/14/66,1966,19,A
USGS,10167500,03/15/66,1966,19,A
USGS,10167500,03/16/66,1966,17,A
USGS,10167500,03/17/66,1966,16,A
USGS,10167500,03/18/66,1966,14,A
USGS,10167500,03/19/66,1966,15,A
USGS,10167500,03/20/66,1966,15,A
USGS,10167500,03/21/66,1966,14,A
USGS,10167500,03/22/66,1966,17,A
USGS,10167500,03/23/66,1966,17,A
USGS,10167500,03/24/66,1966,18,A
USGS,10167500,03/25/66,1966,21,A
USGS,10167500,03/26/66,1966,22,A
USGS,10167500,03/27/66,1966,21,A
USGS,10167500,03/28/66,1966,24,A
USGS,10167500,03/29/66,1966,25,A
USGS,10167500,03/30/66,1966,37,A
USGS,10167500,03/31/66,1966,30,A
USGS,10167500,04/01/66,1966,52,A
USGS,10167500,04/02/66,1966,58,A
USGS,10167500,04/03/66,1966,55,A
USGS,10167500,04/04/66,1966,54,A
USGS,10167500,04/05/66,1966,52,A
USGS,10167500,04/06/66,1966,52,A
USGS,10167500,04/07/66,1966,52,A
USGS,10167500,04/08/66,1966,56,A
USGS,10167500,04/09/66,1966,58,A
USGS,10167500,04/10/66,1966,60,A
USGS,10167500,04/11/66,1966,58,A
USGS,10167500,04/12/66,1966,55,A
USGS,10167500,04/13/66,1966,53,A
USGS,10167500,04/14/66,1966,51,A
USGS,10167500,04/15/66,1966,52,A
USGS,10167500,04/16/66,1966,56,A
USGS,10167500,04/17/66,1966,61,A
USGS,10167500,04/18/66,1966,61,A
USGS,10167500,04/19/66,1966,59,A
USGS,10167500,04/20/66,1966,55,A
USGS,10167500,04/21/66,1966,54,A
USGS,10167500,04/22/66,1966,54,A
USGS,10167500,04/23/66,1966,55,A
USGS,10167500,04/24/66,1966,55,A
USGS,10167500,04/25/66,1966,55,A
USGS,10167500,04/26/66,1966,57,A
USGS,10167500,04/27/66,1966,57,A
USGS,10167500,04/28/66,1966,57,A
USGS,10167500,04/29/66,1966,58,A
USGS,10167500,04/30/66,1966,62,A
USGS,10167500,05/01/66,1966,65,A
USGS,10167500,05/02/66,1966,80,A
USGS,10167500,05/03/66,1966,104,A
USGS,10167500,05/04/66,1966,132,A
USGS,10167500,05/05/66,1966,164,A
USGS,10167500,05/06/66,1966,192,A
USGS,10167500,05/07/66,1966,238,A
USGS,10167500,05/08/66,1966,274,A
USGS,10167500,05/09/66,1966,341,A
USGS,10167500,05/10/66,1966,336,A
USGS,10167500,05/11/66,1966,219,A
USGS,10167500,05/12/66,1966,163,A
USGS,10167500,05/13/66,1966,143,A
USGS,10167500,05/14/66,1966,129,A
USGS,10167500,05/15/66,1966,117,A
USGS,10167500,05/16/66,1966,126,A
USGS,10167500,05/17/66,1966,143,A
USGS,10167500,05/18/66,1966,152,A
USGS,10167500,05/19/66,1966,168,A
USGS,10167500,05/20/66,1966,191,A
USGS,10167500,05/21/66,1966,220,A
USGS,10167500,05/22/66,1966,240,A
USGS,10167500,05/23/66,1966,205,A
USGS,10167500,05/24/66,1966,198,A
USGS,10167500,05/25/66,1966,214,A
USGS,10167500,05/26/66,1966,237,A
USGS,10167500,05/27/66,1966,272,A
USGS,10167500,05/28/66,1966,276,A
USGS,10167500,05/29/66,1966,283,A
USGS,10167500,05/30/66,1966,288,A
USGS,10167500,05/31/66,1966,267,A
USGS,10167500,06/01/66,1966,234,A
USGS,10167500,06/02/66,1966,207,A
USGS,10167500,06/03/66,1966,203,A
USGS,10167500,06/04/66,1966,194,A
USGS,10167500,06/05/66,1966,171,A
USGS,10167500,06/06/66,1966,165,A
USGS,10167500,06/07/66,1966,163,A
USGS,10167500,06/08/66,1966,170,A
USGS,10167500,06/09/66,1966,169,A
USGS,10167500,06/10/66,1966,177,A
USGS,10167500,06/11/66,1966,185,A
USGS,10167500,06/12/66,1966,170,A
USGS,10167500,06/13/66,1966,153,A
USGS,10167500,06/14/66,1966,160,A
USGS,10167500,06/15/66,1966,170,A
USGS,10167500,06/16/66,1966,172,A
USGS,10167500,06/17/66,1966,166,A
USGS,10167500,06/18/66,1966,156,A
USGS,10167500,06/19/66,1966,155,A
USGS,10167500,06/20/66,1966,149,A
USGS,10167500,06/21/66,1966,148,A
USGS,10167500,06/22/66,1966,145,A
USGS,10167500,06/23/66,1966,122,A
USGS,10167500,06/24/66,1966,112,A
USGS,10167500,06/25/66,1966,104,A
USGS,10167500,06/26/66,1966,97,A
USGS,10167500,06/27/66,1966,95,A
USGS,10167500,06/28/66,1966,93,A
USGS,10167500,06/29/66,1966,93,A
USGS,10167500,06/30/66,1966,90,A
USGS,10167500,07/01/66,1966,90,A
USGS,10167500,07/02/66,1966,88,A
USGS,10167500,07/03/66,1966,82,A
USGS,10167500,07/04/66,1966,75,A
USGS,10167500,07/05/66,1966,69,A
USGS,10167500,07/06/66,1966,64,A
USGS,10167500,07/07/66,1966,60,A
USGS,10167500,07/08/66,1966,56,A
USGS,10167500,07/09/66,1966,57,A
USGS,10167500,07/10/66,1966,55,A
USGS,10167500,07/11/66,1966,53,A
USGS,10167500,07/12/66,1966,52,A
USGS,10167500,07/13/66,1966,54,A
USGS,10167500,07/14/66,1966,46,A
USGS,10167500,07/15/66,1966,44,A
USGS,10167500,07/16/66,1966,43,A
USGS,10167500,07/17/66,1966,42,A
USGS,10167500,07/18/66,1966,43,A
USGS,10167500,07/19/66,1966,41,A
USGS,10167500,07/20/66,1966,39,A
USGS,10167500,07/21/66,1966,40,A
USGS,10167500,07/22/66,1966,38,A
USGS,10167500,07/23/66,1966,38,A
USGS,10167500,07/24/66,1966,36,A
USGS,10167500,07/25/66,1966,39,A
USGS,10167500,07/26/66,1966,43,A
USGS,10167500,07/27/66,1966,36,A
USGS,10167500,07/28/66,1966,31,A
USGS,10167500,07/29/66,1966,36,A
USGS,10167500,07/30/66,1966,36,A
USGS,10167500,07/31/66,1966,36,A
USGS,10167500,08/01/66,1966,25,A
USGS,10167500,08/02/66,1966,39,A
USGS,10167500,08/03/66,1966,31,A
USGS,10167500,08/04/66,1966,38,A
USGS,10167500,08/05/66,1966,29,A
USGS,10167500,08/06/66,1966,28,A
USGS,10167500,08/07/66,1966,27,A
USGS,10167500,08/08/66,1966,26,A
USGS,10167500,08/09/66,1966,24,A
USGS,10167500,08/10/66,1966,24,A
USGS,10167500,08/11/66,1966,24,A
USGS,10167500,08/12/66,1966,23,A
USGS,10167500,08/13/66,1966,22,A
USGS,10167500,08/14/66,1966,22,A
USGS,10167500,08/15/66,1966,21,A
USGS,10167500,08/16/66,1966,20,A
USGS,10167500,08/17/66,1966,23,A
USGS,10167500,08/18/66,1966,24,A
USGS,10167500,08/19/66,1966,24,A
USGS,10167500,08/20/66,1966,23,A
USGS,10167500,08/21/66,1966,23,A
USGS,10167500,08/22/66,1966,22,A
USGS,10167500,08/23/66,1966,22,A
USGS,10167500,08/24/66,1966,21,A
USGS,10167500,08/25/66,1966,21,A
USGS,10167500,08/26/66,1966,20,A
USGS,10167500,08/27/66,1966,21,A
USGS,10167500,08/28/66,1966,20,A
USGS,10167500,08/29/66,1966,19,A
USGS,10167500,08/30/66,1966,19,A
USGS,10167500,08/31/66,1966,22,A
USGS,10167500,09/01/66,1966,25,A
USGS,10167500,09/02/66,1966,26,A
USGS,10167500,09/03/66,1966,22,A
USGS,10167500,09/04/66,1966,21,A
USGS,10167500,09/05/66,1966,20,A
USGS,10167500,09/06/66,1966,19,A
USGS,10167500,09/07/66,1966,19,A
USGS,10167500,09/08/66,1966,17,A
USGS,10167500,09/09/66,1966,15,A
USGS,10167500,09/10/66,1966,15,A
USGS,10167500,09/11/66,1966,18,A
USGS,10167500,09/12/66,1966,17,A
USGS,10167500,09/13/66,1966,16,A
USGS,10167500,09/14/66,1966,16,A
USGS,10167500,09/15/66,1966,21,A
USGS,10167500,09/16/66,1966,18,A
USGS,10167500,09/17/66,1966,20,A
USGS,10167500,09/18/66,1966,19,A
USGS,10167500,09/19/66,1966,18,A
USGS,10167500,09/20/66,1966,16,A
USGS,10167500,09/21/66,1966,16,A
USGS,10167500,09/22/66,1966,15,A
USGS,10167500,09/23/66,1966,15,A
USGS,10167500,09/24/66,1966,16,A
USGS,10167500,09/25/66,1966,16,A
USGS,10167500,09/26/66,1966,15,A
USGS,10167500,09/27/66,1966,17,A
USGS,10167500,09/28/66,1966,17,A
USGS,10167500,09/29/66,1966,16,A
USGS,10167500,09/30/66,1966,16,A
USGS,10167500,10/01/66,1967,16,A
USGS,10167500,10/02/66,1967,19,A
USGS,10167500,10/03/66,1967,20,A
USGS,10167500,10/04/66,1967,18,A
USGS,10167500,10/05/66,1967,16,A
USGS,10167500,10/06/66,1967,18,A
USGS,10167500,10/07/66,1967,16,A
USGS,10167500,10/08/66,1967,15,A
USGS,10167500,10/09/66,1967,15,A
USGS,10167500,10/10/66,1967,15,A
USGS,10167500,10/11/66,1967,15,A
USGS,10167500,10/12/66,1967,16,A
USGS,10167500,10/13/66,1967,17,A
USGS,10167500,10/14/66,1967,18,A
USGS,10167500,10/15/66,1967,16,A
USGS,10167500,10/16/66,1967,16,A
USGS,10167500,10/17/66,1967,16,A
USGS,10167500,10/18/66,1967,17,A
USGS,10167500,10/19/66,1967,17,A
USGS,10167500,10/20/66,1967,19,A
USGS,10167500,10/21/66,1967,17,A
USGS,10167500,10/22/66,1967,16,A
USGS,10167500,10/23/66,1967,15,A
USGS,10167500,10/24/66,1967,15,A
USGS,10167500,10/25/66,1967,15,A
USGS,10167500,10/26/66,1967,15,A
USGS,10167500,10/27/66,1967,17,A
USGS,10167500,10/28/66,1967,16,A
USGS,10167500,10/29/66,1967,16,A
USGS,10167500,10/30/66,1967,16,A
USGS,10167500,10/31/66,1967,16,A
USGS,10167500,11/01/66,1967,15,A
USGS,10167500,11/02/66,1967,15,A
USGS,10167500,11/03/66,1967,15,A
USGS,10167500,11/04/66,1967,15,A
USGS,10167500,11/05/66,1967,15,A
USGS,10167500,11/06/66,1967,15,A
USGS,10167500,11/07/66,1967,15,A
USGS,10167500,11/08/66,1967,18,A
USGS,10167500,11/09/66,1967,17,A
USGS,10167500,11/10/66,1967,15,A
USGS,10167500,11/11/66,1967,16,A
USGS,10167500,11/12/66,1967,15,A
USGS,10167500,11/13/66,1967,16,A
USGS,10167500,11/14/66,1967,16,A
USGS,10167500,11/15/66,1967,16,A
USGS,10167500,11/16/66,1967,15,A
USGS,10167500,11/17/66,1967,15,A
USGS,10167500,11/18/66,1967,17,A
USGS,10167500,11/19/66,1967,16,A
USGS,10167500,11/20/66,1967,16,A
USGS,10167500,11/21/66,1967,16,A
USGS,10167500,11/22/66,1967,15,A
USGS,10167500,11/23/66,1967,15,A
USGS,10167500,11/24/66,1967,13,A
USGS,10167500,11/25/66,1967,11,A
USGS,10167500,11/26/66,1967,13,A
USGS,10167500,11/27/66,1967,12,A
USGS,10167500,11/28/66,1967,14,A
USGS,10167500,11/29/66,1967,15,A
USGS,10167500,11/30/66,1967,15,A
USGS,10167500,12/01/66,1967,14,A
USGS,10167500,12/02/66,1967,14,A
USGS,10167500,12/03/66,1967,16,A
USGS,10167500,12/04/66,1967,15,A
USGS,10167500,12/05/66,1967,15,A
USGS,10167500,12/06/66,1967,16,A
USGS,10167500,12/07/66,1967,14,A
USGS,10167500,12/08/66,1967,13,A
USGS,10167500,12/09/66,1967,9.9,A
USGS,10167500,12/10/66,1967,14,A
USGS,10167500,12/11/66,1967,15,A
USGS,10167500,12/12/66,1967,15,A
USGS,10167500,12/13/66,1967,15,A
USGS,10167500,12/14/66,1967,15,A
USGS,10167500,12/15/66,1967,14,A
USGS,10167500,12/16/66,1967,13,A
USGS,10167500,12/17/66,1967,14,A
USGS,10167500,12/18/66,1967,14,A
USGS,10167500,12/19/66,1967,12,A
USGS,10167500,12/20/66,1967,11,A
USGS,10167500,12/21/66,1967,14,A
USGS,10167500,12/22/66,1967,11,A
USGS,10167500,12/23/66,1967,11,A
USGS,10167500,12/24/66,1967,11,A
USGS,10167500,12/25/66,1967,6.6,A
USGS,10167500,12/26/66,1967,3,A
USGS,10167500,12/27/66,1967,9.9,A
USGS,10167500,12/28/66,1967,13,A
USGS,10167500,12/29/66,1967,13,A
USGS,10167500,12/30/66,1967,10,A
USGS,10167500,12/31/66,1967,13,A
USGS,10167500,01/01/67,1967,13,A
USGS,10167500,01/02/67,1967,13,A
USGS,10167500,01/03/67,1967,14,A
USGS,10167500,01/04/67,1967,13,A
USGS,10167500,01/05/67,1967,14,A
USGS,10167500,01/06/67,1967,13,A
USGS,10167500,01/07/67,1967,13,A
USGS,10167500,01/08/67,1967,13,A
USGS,10167500,01/09/67,1967,13,A
USGS,10167500,01/10/67,1967,13,A
USGS,10167500,01/11/67,1967,13,A
USGS,10167500,01/12/67,1967,13,A
USGS,10167500,01/13/67,1967,13,A
USGS,10167500,01/14/67,1967,13,A
USGS,10167500,01/15/67,1967,12,A
USGS,10167500,01/16/67,1967,13,A
USGS,10167500,01/17/67,1967,13,A
USGS,10167500,01/18/67,1967,13,A
USGS,10167500,01/19/67,1967,12,A
USGS,10167500,01/20/67,1967,12,A
USGS,10167500,01/21/67,1967,13,A
USGS,10167500,01/22/67,1967,13,A
USGS,10167500,01/23/67,1967,12,A
USGS,10167500,01/24/67,1967,13,A
USGS,10167500,01/25/67,1967,9.7,A
USGS,10167500,01/26/67,1967,12,A
USGS,10167500,01/27/67,1967,12,A
USGS,10167500,01/28/67,1967,12,A
USGS,10167500,01/29/67,1967,12,A
USGS,10167500,01/30/67,1967,12,A
USGS,10167500,01/31/67,1967,13,A
USGS,10167500,02/01/67,1967,14,A
USGS,10167500,02/02/67,1967,13,A
USGS,10167500,02/03/67,1967,12,A
USGS,10167500,02/04/67,1967,11,A
USGS,10167500,02/05/67,1967,11,A
USGS,10167500,02/06/67,1967,13,A
USGS,10167500,02/07/67,1967,14,A
USGS,10167500,02/08/67,1967,14,A
USGS,10167500,02/09/67,1967,15,A
USGS,10167500,02/10/67,1967,14,A
USGS,10167500,02/11/67,1967,11,A
USGS,10167500,02/12/67,1967,14,A
USGS,10167500,02/13/67,1967,14,A
USGS,10167500,02/14/67,1967,14,A
USGS,10167500,02/15/67,1967,12,A
USGS,10167500,02/16/67,1967,14,A
USGS,10167500,02/17/67,1967,14,A
USGS,10167500,02/18/67,1967,14,A
USGS,10167500,02/19/67,1967,14,A
USGS,10167500,02/20/67,1967,13,A
USGS,10167500,02/21/67,1967,14,A
USGS,10167500,02/22/67,1967,15,A
USGS,10167500,02/23/67,1967,15,A
USGS,10167500,02/24/67,1967,15,A
USGS,10167500,02/25/67,1967,15,A
USGS,10167500,02/26/67,1967,14,A
USGS,10167500,02/27/67,1967,14,A
USGS,10167500,02/28/67,1967,14,A
USGS,10167500,03/01/67,1967,14,A
USGS,10167500,03/02/67,1967,14,A
USGS,10167500,03/03/67,1967,16,A
USGS,10167500,03/04/67,1967,16,A
USGS,10167500,03/05/67,1967,16,A
USGS,10167500,03/06/67,1967,16,A
USGS,10167500,03/07/67,1967,16,A
USGS,10167500,03/08/67,1967,16,A
USGS,10167500,03/09/67,1967,7,A
USGS,10167500,03/10/67,1967,6.9,A
USGS,10167500,03/11/67,1967,14,A
USGS,10167500,03/12/67,1967,14,A
USGS,10167500,03/13/67,1967,14,A
USGS,10167500,03/14/67,1967,16,A
USGS,10167500,03/15/67,1967,16,A
USGS,10167500,03/16/67,1967,16,A
USGS,10167500,03/17/67,1967,17,A
USGS,10167500,03/18/67,1967,14,A
USGS,10167500,03/19/67,1967,14,A
USGS,10167500,03/20/67,1967,13,A
USGS,10167500,03/21/67,1967,16,A
USGS,10167500,03/22/67,1967,19,A
USGS,10167500,03/23/67,1967,18,A
USGS,10167500,03/24/67,1967,15,A
USGS,10167500,03/25/67,1967,23,A
USGS,10167500,03/26/67,1967,22,A
USGS,10167500,03/27/67,1967,20,A
USGS,10167500,03/28/67,1967,19,A
USGS,10167500,03/29/67,1967,19,A
USGS,10167500,03/30/67,1967,17,A
USGS,10167500,03/31/67,1967,18,A
USGS,10167500,04/01/67,1967,20,A
USGS,10167500,04/02/67,1967,20,A
USGS,10167500,04/03/67,1967,17,A
USGS,10167500,04/04/67,1967,21,A
USGS,10167500,04/05/67,1967,18,A
USGS,10167500,04/06/67,1967,17,A
USGS,10167500,04/07/67,1967,26,A
USGS,10167500,04/08/67,1967,23,A
USGS,10167500,04/09/67,1967,22,A
USGS,10167500,04/10/67,1967,21,A
USGS,10167500,04/11/67,1967,21,A
USGS,10167500,04/12/67,1967,21,A
USGS,10167500,04/13/67,1967,21,A
USGS,10167500,04/14/67,1967,22,A
USGS,10167500,04/15/67,1967,22,A
USGS,10167500,04/16/67,1967,23,A
USGS,10167500,04/17/67,1967,22,A
USGS,10167500,04/18/67,1967,23,A
USGS,10167500,04/19/67,1967,25,A
USGS,10167500,04/20/67,1967,23,A
USGS,10167500,04/21/67,1967,24,A
USGS,10167500,04/22/67,1967,22,A
USGS,10167500,04/23/67,1967,16,A
USGS,10167500,04/24/67,1967,17,A
USGS,10167500,04/25/67,1967,22,A
USGS,10167500,04/26/67,1967,23,A
USGS,10167500,04/27/67,1967,24,A
USGS,10167500,04/28/67,1967,27,A
USGS,10167500,04/29/67,1967,23,A
USGS,10167500,04/30/67,1967,23,A
USGS,10167500,05/01/67,1967,21,A
USGS,10167500,05/02/67,1967,22,A
USGS,10167500,05/03/67,1967,19,A
USGS,10167500,05/04/67,1967,19,A
USGS,10167500,05/05/67,1967,20,A
USGS,10167500,05/06/67,1967,24,A
USGS,10167500,05/07/67,1967,24,A
USGS,10167500,05/08/67,1967,28,A
USGS,10167500,05/09/67,1967,38,A
USGS,10167500,05/10/67,1967,53,A
USGS,10167500,05/11/67,1967,47,A
USGS,10167500,05/12/67,1967,45,A
USGS,10167500,05/13/67,1967,46,A
USGS,10167500,05/14/67,1967,43,A
USGS,10167500,05/15/67,1967,41,A
USGS,10167500,05/16/67,1967,41,A
USGS,10167500,05/17/67,1967,66,A
USGS,10167500,05/18/67,1967,98,A
USGS,10167500,05/19/67,1967,133,A
USGS,10167500,05/20/67,1967,171,A
USGS,10167500,05/21/67,1967,214,A
USGS,10167500,05/22/67,1967,260,A
USGS,10167500,05/23/67,1967,308,A
USGS,10167500,05/24/67,1967,355,A
USGS,10167500,05/25/67,1967,412,A
USGS,10167500,05/26/67,1967,332,A
USGS,10167500,05/27/67,1967,321,A
USGS,10167500,05/28/67,1967,321,A
USGS,10167500,05/29/67,1967,289,A
USGS,10167500,05/30/67,1967,243,A
USGS,10167500,05/31/67,1967,198,A
USGS,10167500,06/01/67,1967,183,A
USGS,10167500,06/02/67,1967,176,A
USGS,10167500,06/03/67,1967,212,A
USGS,10167500,06/04/67,1967,270,A
USGS,10167500,06/05/67,1967,353,A
USGS,10167500,06/06/67,1967,369,A
USGS,10167500,06/07/67,1967,316,A
USGS,10167500,06/08/67,1967,282,A
USGS,10167500,06/09/67,1967,276,A
USGS,10167500,06/10/67,1967,281,A
USGS,10167500,06/11/67,1967,280,A
USGS,10167500,06/12/67,1967,292,A
USGS,10167500,06/13/67,1967,292,A
USGS,10167500,06/14/67,1967,257,A
USGS,10167500,06/15/67,1967,227,A
USGS,10167500,06/16/67,1967,254,A
USGS,10167500,06/17/67,1967,264,A
USGS,10167500,06/18/67,1967,308,A
USGS,10167500,06/19/67,1967,368,A
USGS,10167500,06/20/67,1967,431,A
USGS,10167500,06/21/67,1967,446,A
USGS,10167500,06/22/67,1967,467,A
USGS,10167500,06/23/67,1967,459,A
USGS,10167500,06/24/67,1967,371,A
USGS,10167500,06/25/67,1967,383,A
USGS,10167500,06/26/67,1967,408,A
USGS,10167500,06/27/67,1967,417,A
USGS,10167500,06/28/67,1967,412,A
USGS,10167500,06/29/67,1967,406,A
USGS,10167500,06/30/67,1967,385,A
USGS,10167500,07/01/67,1967,372,A
USGS,10167500,07/02/67,1967,370,A
USGS,10167500,07/03/67,1967,334,A
USGS,10167500,07/04/67,1967,341,A
USGS,10167500,07/05/67,1967,301,A
USGS,10167500,07/06/67,1967,286,A
USGS,10167500,07/07/67,1967,233,A
USGS,10167500,07/08/67,1967,219,A
USGS,10167500,07/09/67,1967,225,A
USGS,10167500,07/10/67,1967,222,A
USGS,10167500,07/11/67,1967,200,A
USGS,10167500,07/12/67,1967,181,A
USGS,10167500,07/13/67,1967,173,A
USGS,10167500,07/14/67,1967,176,A
USGS,10167500,07/15/67,1967,162,A
USGS,10167500,07/16/67,1967,162,A
USGS,10167500,07/17/67,1967,176,A
USGS,10167500,07/18/67,1967,160,A
USGS,10167500,07/19/67,1967,139,A
USGS,10167500,07/20/67,1967,131,A
USGS,10167500,07/21/67,1967,119,A
USGS,10167500,07/22/67,1967,110,A
USGS,10167500,07/23/67,1967,106,A
USGS,10167500,07/24/67,1967,101,A
USGS,10167500,07/25/67,1967,87,A
USGS,10167500,07/26/67,1967,77,A
USGS,10167500,07/27/67,1967,76,A
USGS,10167500,07/28/67,1967,72,A
USGS,10167500,07/29/67,1967,70,A
USGS,10167500,07/30/67,1967,69,A
USGS,10167500,07/31/67,1967,67,A
USGS,10167500,08/01/67,1967,70,A
USGS,10167500,08/02/67,1967,64,A
USGS,10167500,08/03/67,1967,69,A
USGS,10167500,08/04/67,1967,69,A
USGS,10167500,08/05/67,1967,69,A
USGS,10167500,08/06/67,1967,69,A
USGS,10167500,08/07/67,1967,70,A
USGS,10167500,08/08/67,1967,68,A
USGS,10167500,08/09/67,1967,63,A
USGS,10167500,08/10/67,1967,64,A
USGS,10167500,08/11/67,1967,64,A
USGS,10167500,08/12/67,1967,55,A
USGS,10167500,08/13/67,1967,57,A
USGS,10167500,08/14/67,1967,55,A
USGS,10167500,08/15/67,1967,54,A
USGS,10167500,08/16/67,1967,54,A
USGS,10167500,08/17/67,1967,52,A
USGS,10167500,08/18/67,1967,49,A
USGS,10167500,08/19/67,1967,45,A
USGS,10167500,08/20/67,1967,44,A
USGS,10167500,08/21/67,1967,44,A
USGS,10167500,08/22/67,1967,44,A
USGS,10167500,08/23/67,1967,41,A
USGS,10167500,08/24/67,1967,41,A
USGS,10167500,08/25/67,1967,40,A
USGS,10167500,08/26/67,1967,39,A
USGS,10167500,08/27/67,1967,39,A
USGS,10167500,08/28/67,1967,38,A
USGS,10167500,08/29/67,1967,39,A
USGS,10167500,08/30/67,1967,41,A
USGS,10167500,08/31/67,1967,44,A
USGS,10167500,09/01/67,1967,39,A
USGS,10167500,09/02/67,1967,38,A
USGS,10167500,09/03/67,1967,38,A
USGS,10167500,09/04/67,1967,36,A
USGS,10167500,09/05/67,1967,35,A
USGS,10167500,09/06/67,1967,36,A
USGS,10167500,09/07/67,1967,34,A
USGS,10167500,09/08/67,1967,31,A
USGS,10167500,09/09/67,1967,25,A
USGS,10167500,09/10/67,1967,34,A
USGS,10167500,09/11/67,1967,35,A
USGS,10167500,09/12/67,1967,32,A
USGS,10167500,09/13/67,1967,31,A
USGS,10167500,09/14/67,1967,31,A
USGS,10167500,09/15/67,1967,30,A
USGS,10167500,09/16/67,1967,31,A
USGS,10167500,09/17/67,1967,31,A
USGS,10167500,09/18/67,1967,31,A
USGS,10167500,09/19/67,1967,30,A
USGS,10167500,09/20/67,1967,30,A
USGS,10167500,09/21/67,1967,29,A
USGS,10167500,09/22/67,1967,28,A
USGS,10167500,09/23/67,1967,28,A
USGS,10167500,09/24/67,1967,32,A
USGS,10167500,09/25/67,1967,27,A
USGS,10167500,09/26/67,1967,26,A
USGS,10167500,09/27/67,1967,26,A
USGS,10167500,09/28/67,1967,25,A
USGS,10167500,09/29/67,1967,25,A
USGS,10167500,09/30/67,1967,25,A
USGS,10167500,10/01/67,1968,25,A
USGS,10167500,10/02/67,1968,29,A
USGS,10167500,10/03/67,1968,25,A
USGS,10167500,10/04/67,1968,27,A
USGS,10167500,10/05/67,1968,25,A
USGS,10167500,10/06/67,1968,28,A
USGS,10167500,10/07/67,1968,25,A
USGS,10167500,10/08/67,1968,25,A
USGS,10167500,10/09/67,1968,28,A
USGS,10167500,10/10/67,1968,29,A
USGS,10167500,10/11/67,1968,21,A
USGS,10167500,10/12/67,1968,21,A
USGS,10167500,10/13/67,1968,20,A
USGS,10167500,10/14/67,1968,20,A
USGS,10167500,10/15/67,1968,20,A
USGS,10167500,10/16/67,1968,21,A
USGS,10167500,10/17/67,1968,21,A
USGS,10167500,10/18/67,1968,22,A
USGS,10167500,10/19/67,1968,20,A
USGS,10167500,10/20/67,1968,20,A
USGS,10167500,10/21/67,1968,20,A
USGS,10167500,10/22/67,1968,20,A
USGS,10167500,10/23/67,1968,19,A
USGS,10167500,10/24/67,1968,19,A
USGS,10167500,10/25/67,1968,18,A
USGS,10167500,10/26/67,1968,20,A
USGS,10167500,10/27/67,1968,20,A
USGS,10167500,10/28/67,1968,25,A
USGS,10167500,10/29/67,1968,15,A
USGS,10167500,10/30/67,1968,16,A
USGS,10167500,10/31/67,1968,18,A
USGS,10167500,11/01/67,1968,19,A
USGS,10167500,11/02/67,1968,19,A
USGS,10167500,11/03/67,1968,18,A
USGS,10167500,11/04/67,1968,19,A
USGS,10167500,11/05/67,1968,18,A
USGS,10167500,11/06/67,1968,18,A
USGS,10167500,11/07/67,1968,18,A
USGS,10167500,11/08/67,1968,17,A
USGS,10167500,11/09/67,1968,17,A
USGS,10167500,11/10/67,1968,17,A
USGS,10167500,11/11/67,1968,17,A
USGS,10167500,11/12/67,1968,17,A
USGS,10167500,11/13/67,1968,16,A
USGS,10167500,11/14/67,1968,16,A
USGS,10167500,11/15/67,1968,16,A
USGS,10167500,11/16/67,1968,16,A
USGS,10167500,11/17/67,1968,16,A
USGS,10167500,11/18/67,1968,16,A
USGS,10167500,11/19/67,1968,17,A
USGS,10167500,11/20/67,1968,16,A
USGS,10167500,11/21/67,1968,17,A
USGS,10167500,11/22/67,1968,16,A
USGS,10167500,11/23/67,1968,16,A
USGS,10167500,11/24/67,1968,16,A
USGS,10167500,11/25/67,1968,17,A
USGS,10167500,11/26/67,1968,17,A
USGS,10167500,11/27/67,1968,15,A
USGS,10167500,11/28/67,1968,15,A
USGS,10167500,11/29/67,1968,15,A
USGS,10167500,11/30/67,1968,15,A
USGS,10167500,12/01/67,1968,15,A
USGS,10167500,12/02/67,1968,13,A
USGS,10167500,12/03/67,1968,14,A
USGS,10167500,12/04/67,1968,14,A
USGS,10167500,12/05/67,1968,14,A
USGS,10167500,12/06/67,1968,13,A
USGS,10167500,12/07/67,1968,15,A
USGS,10167500,12/08/67,1968,14,A
USGS,10167500,12/09/67,1968,12,A
USGS,10167500,12/10/67,1968,14,A
USGS,10167500,12/11/67,1968,14,A
USGS,10167500,12/12/67,1968,14,A
USGS,10167500,12/13/67,1968,11,A
USGS,10167500,12/14/67,1968,14,A
USGS,10167500,12/15/67,1968,14,A
USGS,10167500,12/16/67,1968,14,A
USGS,10167500,12/17/67,1968,14,A
USGS,10167500,12/18/67,1968,14,A
USGS,10167500,12/19/67,1968,14,A
USGS,10167500,12/20/67,1968,14,A
USGS,10167500,12/21/67,1968,14,A
USGS,10167500,12/22/67,1968,14,A
USGS,10167500,12/23/67,1968,14,A
USGS,10167500,12/24/67,1968,13,A
USGS,10167500,12/25/67,1968,14,A
USGS,10167500,12/26/67,1968,15,A
USGS,10167500,12/27/67,1968,14,A
USGS,10167500,12/28/67,1968,14,A
USGS,10167500,12/29/67,1968,13,A
USGS,10167500,12/30/67,1968,14,A
USGS,10167500,12/31/67,1968,13,A
USGS,10167500,01/01/68,1968,13,A
USGS,10167500,01/02/68,1968,14,A
USGS,10167500,01/03/68,1968,13,A
USGS,10167500,01/04/68,1968,12,A
USGS,10167500,01/05/68,1968,13,A
USGS,10167500,01/06/68,1968,13,A
USGS,10167500,01/07/68,1968,13,A
USGS,10167500,01/08/68,1968,13,A
USGS,10167500,01/09/68,1968,13,A
USGS,10167500,01/10/68,1968,13,A
USGS,10167500,01/11/68,1968,12,A
USGS,10167500,01/12/68,1968,12,A
USGS,10167500,01/13/68,1968,13,A
USGS,10167500,01/14/68,1968,13,A
USGS,10167500,01/15/68,1968,12,A
USGS,10167500,01/16/68,1968,12,A
USGS,10167500,01/17/68,1968,12,A
USGS,10167500,01/18/68,1968,11,A
USGS,10167500,01/19/68,1968,12,A
USGS,10167500,01/20/68,1968,12,A
USGS,10167500,01/21/68,1968,12,A
USGS,10167500,01/22/68,1968,12,A
USGS,10167500,01/23/68,1968,12,A
USGS,10167500,01/24/68,1968,12,A
USGS,10167500,01/25/68,1968,12,A
USGS,10167500,01/26/68,1968,12,A
USGS,10167500,01/27/68,1968,12,A
USGS,10167500,01/28/68,1968,12,A
USGS,10167500,01/29/68,1968,12,A
USGS,10167500,01/30/68,1968,12,A
USGS,10167500,01/31/68,1968,12,A
USGS,10167500,02/01/68,1968,12,A
USGS,10167500,02/02/68,1968,14,A
USGS,10167500,02/03/68,1968,13,A
USGS,10167500,02/04/68,1968,13,A
USGS,10167500,02/05/68,1968,13,A
USGS,10167500,02/06/68,1968,13,A
USGS,10167500,02/07/68,1968,13,A
USGS,10167500,02/08/68,1968,13,A
USGS,10167500,02/09/68,1968,13,A
USGS,10167500,02/10/68,1968,13,A
USGS,10167500,02/11/68,1968,13,A
USGS,10167500,02/12/68,1968,13,A
USGS,10167500,02/13/68,1968,14,A
USGS,10167500,02/14/68,1968,13,A
USGS,10167500,02/15/68,1968,12,A
USGS,10167500,02/16/68,1968,13,A
USGS,10167500,02/17/68,1968,13,A
USGS,10167500,02/18/68,1968,13,A
USGS,10167500,02/19/68,1968,13,A
USGS,10167500,02/20/68,1968,15,A
USGS,10167500,02/21/68,1968,15,A
USGS,10167500,02/22/68,1968,15,A
USGS,10167500,02/23/68,1968,15,A
USGS,10167500,02/24/68,1968,15,A
USGS,10167500,02/25/68,1968,15,A
USGS,10167500,02/26/68,1968,14,A
USGS,10167500,02/27/68,1968,15,A
USGS,10167500,02/28/68,1968,16,A
USGS,10167500,02/29/68,1968,14,A
USGS,10167500,03/01/68,1968,15,A
USGS,10167500,03/02/68,1968,15,A
USGS,10167500,03/03/68,1968,15,A
USGS,10167500,03/04/68,1968,16,A
USGS,10167500,03/05/68,1968,14,A
USGS,10167500,03/06/68,1968,13,A
USGS,10167500,03/07/68,1968,13,A
USGS,10167500,03/08/68,1968,13,A
USGS,10167500,03/09/68,1968,14,A
USGS,10167500,03/10/68,1968,13,A
USGS,10167500,03/11/68,1968,14,A
USGS,10167500,03/12/68,1968,17,A
USGS,10167500,03/13/68,1968,17,A
USGS,10167500,03/14/68,1968,17,A
USGS,10167500,03/15/68,1968,17,A
USGS,10167500,03/16/68,1968,17,A
USGS,10167500,03/17/68,1968,18,A
USGS,10167500,03/18/68,1968,18,A
USGS,10167500,03/19/68,1968,18,A
USGS,10167500,03/20/68,1968,18,A
USGS,10167500,03/21/68,1968,18,A
USGS,10167500,03/22/68,1968,18,A
USGS,10167500,03/23/68,1968,18,A
USGS,10167500,03/24/68,1968,18,A
USGS,10167500,03/25/68,1968,18,A
USGS,10167500,03/26/68,1968,18,A
USGS,10167500,03/27/68,1968,18,A
USGS,10167500,03/28/68,1968,20,A
USGS,10167500,03/29/68,1968,21,A
USGS,10167500,03/30/68,1968,24,A
USGS,10167500,03/31/68,1968,28,A
USGS,10167500,04/01/68,1968,38,A
USGS,10167500,04/02/68,1968,41,A
USGS,10167500,04/03/68,1968,40,A
USGS,10167500,04/04/68,1968,32,A
USGS,10167500,04/05/68,1968,34,A
USGS,10167500,04/06/68,1968,32,A
USGS,10167500,04/07/68,1968,30,A
USGS,10167500,04/08/68,1968,24,A
USGS,10167500,04/09/68,1968,22,A
USGS,10167500,04/10/68,1968,23,A
USGS,10167500,04/11/68,1968,24,A
USGS,10167500,04/12/68,1968,26,A
USGS,10167500,04/13/68,1968,26,A
USGS,10167500,04/14/68,1968,26,A
USGS,10167500,04/15/68,1968,30,A
USGS,10167500,04/16/68,1968,33,A
USGS,10167500,04/17/68,1968,33,A
USGS,10167500,04/18/68,1968,32,A
USGS,10167500,04/19/68,1968,31,A
USGS,10167500,04/20/68,1968,31,A
USGS,10167500,04/21/68,1968,29,A
USGS,10167500,04/22/68,1968,28,A
USGS,10167500,04/23/68,1968,27,A
USGS,10167500,04/24/68,1968,27,A
USGS,10167500,04/25/68,1968,26,A
USGS,10167500,04/26/68,1968,26,A
USGS,10167500,04/27/68,1968,26,A
USGS,10167500,04/28/68,1968,27,A
USGS,10167500,04/29/68,1968,26,A
USGS,10167500,04/30/68,1968,34,A
USGS,10167500,05/01/68,1968,48,A
USGS,10167500,05/02/68,1968,57,A
USGS,10167500,05/03/68,1968,69,A
USGS,10167500,05/04/68,1968,83,A
USGS,10167500,05/05/68,1968,110,A
USGS,10167500,05/06/68,1968,108,A
USGS,10167500,05/07/68,1968,90,A
USGS,10167500,05/08/68,1968,90,A
USGS,10167500,05/09/68,1968,104,A
USGS,10167500,05/10/68,1968,112,A
USGS,10167500,05/11/68,1968,120,A
USGS,10167500,05/12/68,1968,122,A
USGS,10167500,05/13/68,1968,115,A
USGS,10167500,05/14/68,1968,104,A
USGS,10167500,05/15/68,1968,89,A
USGS,10167500,05/16/68,1968,79,A
USGS,10167500,05/17/68,1968,74,A
USGS,10167500,05/18/68,1968,74,A
USGS,10167500,05/19/68,1968,84,A
USGS,10167500,05/20/68,1968,127,A
USGS,10167500,05/21/68,1968,188,A
USGS,10167500,05/22/68,1968,199,A
USGS,10167500,05/23/68,1968,157,A
USGS,10167500,05/24/68,1968,129,A
USGS,10167500,05/25/68,1968,114,A
USGS,10167500,05/26/68,1968,108,A
USGS,10167500,05/27/68,1968,122,A
USGS,10167500,05/28/68,1968,159,A
USGS,10167500,05/29/68,1968,243,A
USGS,10167500,05/30/68,1968,283,A
USGS,10167500,05/31/68,1968,309,A
USGS,10167500,06/01/68,1968,317,A
USGS,10167500,06/02/68,1968,398,A
USGS,10167500,06/03/68,1968,512,A
USGS,10167500,06/04/68,1968,529,A
USGS,10167500,06/05/68,1968,510,A
USGS,10167500,06/06/68,1968,457,A
USGS,10167500,06/07/68,1968,375,A
USGS,10167500,06/08/68,1968,324,A
USGS,10167500,06/09/68,1968,263,A
USGS,10167500,06/10/68,1968,218,A
USGS,10167500,06/11/68,1968,228,A
USGS,10167500,06/12/68,1968,310,A
USGS,10167500,06/13/68,1968,389,A
USGS,10167500,06/14/68,1968,375,A
USGS,10167500,06/15/68,1968,358,A
USGS,10167500,06/16/68,1968,384,A
USGS,10167500,06/17/68,1968,419,A
USGS,10167500,06/18/68,1968,470,A
USGS,10167500,06/19/68,1968,451,A
USGS,10167500,06/20/68,1968,439,A
USGS,10167500,06/21/68,1968,412,A
USGS,10167500,06/22/68,1968,381,A
USGS,10167500,06/23/68,1968,396,A
USGS,10167500,06/24/68,1968,394,A
USGS,10167500,06/25/68,1968,359,A
USGS,10167500,06/26/68,1968,316,A
USGS,10167500,06/27/68,1968,318,A
USGS,10167500,06/28/68,1968,329,A
USGS,10167500,06/29/68,1968,284,A
USGS,10167500,06/30/68,1968,202,A
USGS,10167500,07/01/68,1968,175,A
USGS,10167500,07/02/68,1968,182,A
USGS,10167500,07/03/68,1968,197,A
USGS,10167500,07/04/68,1968,215,A
USGS,10167500,07/05/68,1968,215,A
USGS,10167500,07/06/68,1968,203,A
USGS,10167500,07/07/68,1968,201,A
USGS,10167500,07/08/68,1968,199,A
USGS,10167500,07/09/68,1968,191,A
USGS,10167500,07/10/68,1968,181,A
USGS,10167500,07/11/68,1968,152,A
USGS,10167500,07/12/68,1968,142,A
USGS,10167500,07/13/68,1968,134,A
USGS,10167500,07/14/68,1968,128,A
USGS,10167500,07/15/68,1968,121,A
USGS,10167500,07/16/68,1968,111,A
USGS,10167500,07/17/68,1968,102,A
USGS,10167500,07/18/68,1968,95,A
USGS,10167500,07/19/68,1968,94,A
USGS,10167500,07/20/68,1968,89,A
USGS,10167500,07/21/68,1968,85,A
USGS,10167500,07/22/68,1968,86,A
USGS,10167500,07/23/68,1968,100,A
USGS,10167500,07/24/68,1968,85,A
USGS,10167500,07/25/68,1968,82,A
USGS,10167500,07/26/68,1968,80,A
USGS,10167500,07/27/68,1968,73,A
USGS,10167500,07/28/68,1968,71,A
USGS,10167500,07/29/68,1968,69,A
USGS,10167500,07/30/68,1968,65,A
USGS,10167500,07/31/68,1968,64,A
USGS,10167500,08/01/68,1968,63,A
USGS,10167500,08/02/68,1968,60,A
USGS,10167500,08/03/68,1968,59,A
USGS,10167500,08/04/68,1968,72,A
USGS,10167500,08/05/68,1968,62,A
USGS,10167500,08/06/68,1968,61,A
USGS,10167500,08/07/68,1968,63,A
USGS,10167500,08/08/68,1968,63,A
USGS,10167500,08/09/68,1968,62,A
USGS,10167500,08/10/68,1968,58,A
USGS,10167500,08/11/68,1968,54,A
USGS,10167500,08/12/68,1968,49,A
USGS,10167500,08/13/68,1968,49,A
USGS,10167500,08/14/68,1968,58,A
USGS,10167500,08/15/68,1968,52,A
USGS,10167500,08/16/68,1968,49,A
USGS,10167500,08/17/68,1968,67,A
USGS,10167500,08/18/68,1968,60,A
USGS,10167500,08/19/68,1968,66,A
USGS,10167500,08/20/68,1968,61,A
USGS,10167500,08/21/68,1968,61,A
USGS,10167500,08/22/68,1968,84,A
USGS,10167500,08/23/68,1968,87,A
USGS,10167500,08/24/68,1968,83,A
USGS,10167500,08/25/68,1968,76,A
USGS,10167500,08/26/68,1968,71,A
USGS,10167500,08/27/68,1968,66,A
USGS,10167500,08/28/68,1968,62,A
USGS,10167500,08/29/68,1968,59,A
USGS,10167500,08/30/68,1968,57,A
USGS,10167500,08/31/68,1968,57,A
USGS,10167500,09/01/68,1968,52,A
USGS,10167500,09/02/68,1968,48,A
USGS,10167500,09/03/68,1968,45,A
USGS,10167500,09/04/68,1968,43,A
USGS,10167500,09/05/68,1968,43,A
USGS,10167500,09/06/68,1968,49,A
USGS,10167500,09/07/68,1968,52,A
USGS,10167500,09/08/68,1968,49,A
USGS,10167500,09/09/68,1968,49,A
USGS,10167500,09/10/68,1968,46,A
USGS,10167500,09/11/68,1968,47,A
USGS,10167500,09/12/68,1968,43,A
USGS,10167500,09/13/68,1968,42,A
USGS,10167500,09/14/68,1968,41,A
USGS,10167500,09/15/68,1968,40,A
USGS,10167500,09/16/68,1968,39,A
USGS,10167500,09/17/68,1968,38,A
USGS,10167500,09/18/68,1968,38,A
USGS,10167500,09/19/68,1968,38,A
USGS,10167500,09/20/68,1968,37,A
USGS,10167500,09/21/68,1968,35,A
USGS,10167500,09/22/68,1968,40,A
USGS,10167500,09/23/68,1968,40,A
USGS,10167500,09/24/68,1968,30,A
USGS,10167500,09/25/68,1968,32,A
USGS,10167500,09/26/68,1968,31,A
USGS,10167500,09/27/68,1968,30,A
USGS,10167500,09/28/68,1968,29,A
USGS,10167500,09/29/68,1968,28,A
USGS,10167500,10/01/79,1980,1.7,A
USGS,10167500,10/02/79,1980,1.4,A
USGS,10167500,10/03/79,1980,1.4,A
USGS,10167500,10/04/79,1980,1.4,A
USGS,10167500,10/05/79,1980,1.4,A
USGS,10167500,10/06/79,1980,1.4,A
USGS,10167500,10/07/79,1980,1.4,A
USGS,10167500,10/08/79,1980,1.2,A
USGS,10167500,10/09/79,1980,1.2,A
USGS,10167500,10/10/79,1980,1.2,A
USGS,10167500,10/11/79,1980,1.2,A
USGS,10167500,10/12/79,1980,1.2,A
USGS,10167500,10/13/79,1980,1.2,A
USGS,10167500,10/14/79,1980,1.2,A
USGS,10167500,10/15/79,1980,1.2,A
USGS,10167500,10/16/79,1980,1.2,A
USGS,10167500,10/17/79,1980,1.2,A
USGS,10167500,10/18/79,1980,1.2,A
USGS,10167500,10/19/79,1980,6.1,A
USGS,10167500,10/20/79,1980,6.5,A
USGS,10167500,10/21/79,1980,2,A
USGS,10167500,10/22/79,1980,1.4,A
USGS,10167500,10/23/79,1980,1.4,A
USGS,10167500,10/24/79,1980,1.4,A
USGS,10167500,10/25/79,1980,1.4,A
USGS,10167500,10/26/79,1980,2.9,A
USGS,10167500,10/27/79,1980,2.6,A
USGS,10167500,10/28/79,1980,2,A
USGS,10167500,10/29/79,1980,2,A
USGS,10167500,10/30/79,1980,1.7,A
USGS,10167500,10/31/79,1980,1.4,A
USGS,10167500,11/01/79,1980,1.4,A
USGS,10167500,11/02/79,1980,1.4,A
USGS,10167500,11/03/79,1980,1.4,A
USGS,10167500,11/04/79,1980,1.4,A
USGS,10167500,11/05/79,1980,1.4,A
USGS,10167500,11/06/79,1980,1.4,A
USGS,10167500,11/07/79,1980,1.4,A
USGS,10167500,11/08/79,1980,1.4,A
USGS,10167500,11/09/79,1980,1.4,A
USGS,10167500,11/10/79,1980,1.4,A
USGS,10167500,11/11/79,1980,1.4,A
USGS,10167500,11/12/79,1980,1.4,A
USGS,10167500,11/13/79,1980,2.6,A
USGS,10167500,11/14/79,1980,1.4,A
USGS,10167500,11/15/79,1980,1.4,A
USGS,10167500,11/16/79,1980,1.4,A
USGS,10167500,11/17/79,1980,1.4,A
USGS,10167500,11/18/79,1980,1.4,A
USGS,10167500,11/19/79,1980,1.4,A
USGS,10167500,11/20/79,1980,1.4,A
USGS,10167500,11/21/79,1980,1.4,A
USGS,10167500,11/22/79,1980,1.4,A
USGS,10167500,11/23/79,1980,2,A
USGS,10167500,11/24/79,1980,2.3,A
USGS,10167500,11/25/79,1980,2.3,A
USGS,10167500,11/26/79,1980,1.7,A
USGS,10167500,11/27/79,1980,1.4,A
USGS,10167500,11/28/79,1980,1.4,A
USGS,10167500,11/29/79,1980,1.2,A
USGS,10167500,11/30/79,1980,1,A
USGS,10167500,12/01/79,1980,1,A
USGS,10167500,12/02/79,1980,1,A
USGS,10167500,12/03/79,1980,1,A
USGS,10167500,12/04/79,1980,1,A
USGS,10167500,12/05/79,1980,1,A
USGS,10167500,12/06/79,1980,1,A
USGS,10167500,12/07/79,1980,1,A
USGS,10167500,12/08/79,1980,1,A
USGS,10167500,12/09/79,1980,1,A
USGS,10167500,12/10/79,1980,1,A
USGS,10167500,12/11/79,1980,1,A
USGS,10167500,12/12/79,1980,1.2,A
USGS,10167500,12/13/79,1980,1.2,A
USGS,10167500,12/14/79,1980,1,A
USGS,10167500,12/15/79,1980,1.2,A
USGS,10167500,12/16/79,1980,1,A
USGS,10167500,12/17/79,1980,1,A
USGS,10167500,12/18/79,1980,1,A
USGS,10167500,12/19/79,1980,1,A
USGS,10167500,12/20/79,1980,1,A
USGS,10167500,12/21/79,1980,1.4,A
USGS,10167500,12/22/79,1980,1.7,A
USGS,10167500,12/23/79,1980,1.4,A
USGS,10167500,12/24/79,1980,1.4,A
USGS,10167500,12/25/79,1980,1.4,A
USGS,10167500,12/26/79,1980,1.2,A
USGS,10167500,12/27/79,1980,1.2,A
USGS,10167500,12/28/79,1980,1.2,A
USGS,10167500,12/29/79,1980,1.4,A
USGS,10167500,12/30/79,1980,1.2,A
USGS,10167500,12/31/79,1980,1,A
USGS,10167500,01/01/80,1980,1,A
USGS,10167500,01/02/80,1980,1,A
USGS,10167500,01/03/80,1980,1,A
USGS,10167500,01/04/80,1980,1,A
USGS,10167500,01/05/80,1980,1,A
USGS,10167500,01/06/80,1980,1,A
USGS,10167500,01/07/80,1980,1,A
USGS,10167500,01/08/80,1980,1,A
USGS,10167500,01/09/80,1980,1,A
USGS,10167500,01/10/80,1980,1,A
USGS,10167500,01/11/80,1980,0.8,A
USGS,10167500,01/12/80,1980,0.8,A
USGS,10167500,01/13/80,1980,0.8,A
USGS,10167500,01/14/80,1980,3.7,A
USGS,10167500,01/15/80,1980,1.2,A
USGS,10167500,01/16/80,1980,1,A
USGS,10167500,01/17/80,1980,1,A
USGS,10167500,01/18/80,1980,1,A
USGS,10167500,01/19/80,1980,1,A
USGS,10167500,01/20/80,1980,1,A
USGS,10167500,01/21/80,1980,1,A
USGS,10167500,01/22/80,1980,1,A
USGS,10167500,01/23/80,1980,1,A
USGS,10167500,01/24/80,1980,1,A
USGS,10167500,01/25/80,1980,1,A
USGS,10167500,01/26/80,1980,1,A
USGS,10167500,01/27/80,1980,1,A
USGS,10167500,01/28/80,1980,1,A
USGS,10167500,01/29/80,1980,1,A
USGS,10167500,01/30/80,1980,1,A
USGS,10167500,01/31/80,1980,1,A
USGS,10167500,02/01/80,1980,1,A
USGS,10167500,02/02/80,1980,1,A
USGS,10167500,02/03/80,1980,1,A
USGS,10167500,02/04/80,1980,1,A
USGS,10167500,02/05/80,1980,16,A
USGS,10167500,02/06/80,1980,11,A
USGS,10167500,02/07/80,1980,11,A
USGS,10167500,02/08/80,1980,1.7,A
USGS,10167500,02/09/80,1980,1,A
USGS,10167500,02/10/80,1980,1,A
USGS,10167500,02/11/80,1980,1,A
USGS,10167500,02/12/80,1980,1,A
USGS,10167500,02/13/80,1980,1,A
USGS,10167500,02/14/80,1980,1.2,A
USGS,10167500,02/15/80,1980,1,A
USGS,10167500,02/16/80,1980,1.2,A
USGS,10167500,02/17/80,1980,1.4,A
USGS,10167500,02/18/80,1980,3,A
USGS,10167500,02/19/80,1980,4,A
USGS,10167500,02/20/80,1980,2,A
USGS,10167500,02/21/80,1980,1.8,A
USGS,10167500,02/22/80,1980,1.6,A
USGS,10167500,02/23/80,1980,1.4,A
USGS,10167500,02/24/80,1980,1.2,A
USGS,10167500,02/25/80,1980,1,A
USGS,10167500,02/26/80,1980,1,A
USGS,10167500,02/27/80,1980,1,A
USGS,10167500,02/28/80,1980,1,A
USGS,10167500,02/29/80,1980,1.2,A
USGS,10167500,03/01/80,1980,1.2,A
USGS,10167500,03/02/80,1980,1.2,A
USGS,10167500,03/03/80,1980,1.2,A
USGS,10167500,03/04/80,1980,1,A
USGS,10167500,03/05/80,1980,1,A
USGS,10167500,03/06/80,1980,1.2,A
USGS,10167500,03/07/80,1980,1.2,A
USGS,10167500,03/08/80,1980,1.2,A
USGS,10167500,03/09/80,1980,1.2,A
USGS,10167500,03/10/80,1980,1.2,A
USGS,10167500,03/11/80,1980,1.5,A
USGS,10167500,03/12/80,1980,1.5,A
USGS,10167500,03/13/80,1980,1.5,A
USGS,10167500,03/14/80,1980,1.5,A
USGS,10167500,03/15/80,1980,1.5,A
USGS,10167500,03/16/80,1980,1.7,A
USGS,10167500,03/17/80,1980,1.7,A
USGS,10167500,03/18/80,1980,1.5,A
USGS,10167500,03/19/80,1980,1.5,A
USGS,10167500,03/20/80,1980,3.7,A
USGS,10167500,03/21/80,1980,1.9,A
USGS,10167500,03/22/80,1980,1.7,A
USGS,10167500,03/23/80,1980,1.7,A
USGS,10167500,03/24/80,1980,1.7,A
USGS,10167500,03/25/80,1980,1.7,A
USGS,10167500,03/26/80,1980,1.5,A
USGS,10167500,03/27/80,1980,1.5,A
USGS,10167500,03/28/80,1980,1.5,A
USGS,10167500,03/29/80,1980,1.5,A
USGS,10167500,03/30/80,1980,1.7,A
USGS,10167500,03/31/80,1980,1.7,A
USGS,10167500,04/01/80,1980,1.7,A
USGS,10167500,04/02/80,1980,1.7,A
USGS,10167500,04/03/80,1980,1.5,A
USGS,10167500,04/04/80,1980,1.7,A
USGS,10167500,04/05/80,1980,1.7,A
USGS,10167500,04/06/80,1980,1.7,A
USGS,10167500,04/07/80,1980,1.7,A
USGS,10167500,04/08/80,1980,1.7,A
USGS,10167500,04/09/80,1980,1.5,A
USGS,10167500,04/10/80,1980,1.5,A
USGS,10167500,04/11/80,1980,1.5,A
USGS,10167500,04/12/80,1980,1.5,A
USGS,10167500,04/13/80,1980,1.5,A
USGS,10167500,04/14/80,1980,1.5,A
USGS,10167500,04/15/80,1980,1.5,A
USGS,10167500,04/16/80,1980,1.5,A
USGS,10167500,04/17/80,1980,1.5,A
USGS,10167500,04/18/80,1980,1.7,A
USGS,10167500,04/19/80,1980,5.9,A
USGS,10167500,04/20/80,1980,13,A
USGS,10167500,04/21/80,1980,22,A
USGS,10167500,04/22/80,1980,26,A
USGS,10167500,04/23/80,1980,35,A
USGS,10167500,04/24/80,1980,31,A
USGS,10167500,04/25/80,1980,34,A
USGS,10167500,04/26/80,1980,48,A
USGS,10167500,04/27/80,1980,61,A
USGS,10167500,04/28/80,1980,72,A
USGS,10167500,04/29/80,1980,89,A
USGS,10167500,04/30/80,1980,93,A
USGS,10167500,05/01/80,1980,77,A
USGS,10167500,05/02/80,1980,80,A
USGS,10167500,05/03/80,1980,90,A
USGS,10167500,05/04/80,1980,110,A
USGS,10167500,05/05/80,1980,130,A
USGS,10167500,05/06/80,1980,145,A
USGS,10167500,05/07/80,1980,153,A
USGS,10167500,05/08/80,1980,159,A
USGS,10167500,05/09/80,1980,175,A
USGS,10167500,05/10/80,1980,142,A
USGS,10167500,05/11/80,1980,113,A
USGS,10167500,05/12/80,1980,91,A
USGS,10167500,05/13/80,1980,72,A
USGS,10167500,05/14/80,1980,65,A
USGS,10167500,05/15/80,1980,61,A
USGS,10167500,05/16/80,1980,60,A
USGS,10167500,05/17/80,1980,55,A
USGS,10167500,05/18/80,1980,52,A
USGS,10167500,05/19/80,1980,60,A
USGS,10167500,05/20/80,1980,85,A
USGS,10167500,05/21/80,1980,134,A
USGS,10167500,05/22/80,1980,189,A
USGS,10167500,05/23/80,1980,207,A
USGS,10167500,05/24/80,1980,175,A
USGS,10167500,05/25/80,1980,142,A
USGS,10167500,05/26/80,1980,125,A
USGS,10167500,05/27/80,1980,115,A
USGS,10167500,05/28/80,1980,118,A
USGS,10167500,05/29/80,1980,121,A
USGS,10167500,05/30/80,1980,108,A
USGS,10167500,05/31/80,1980,114,A
USGS,10167500,06/01/80,1980,126,A
USGS,10167500,06/02/80,1980,126,A
USGS,10167500,06/03/80,1980,139,A
USGS,10167500,06/04/80,1980,185,A
USGS,10167500,06/05/80,1980,213,A
USGS,10167500,06/06/80,1980,222,A
USGS,10167500,06/07/80,1980,210,A
USGS,10167500,06/08/80,1980,241,A
USGS,10167500,06/09/80,1980,275,A
USGS,10167500,06/10/80,1980,323,A
USGS,10167500,06/11/80,1980,359,A
USGS,10167500,06/12/80,1980,366,A
USGS,10167500,06/13/80,1980,342,A
USGS,10167500,06/14/80,1980,305,A
USGS,10167500,06/15/80,1980,263,A
USGS,10167500,06/16/80,1980,270,A
USGS,10167500,06/17/80,1980,287,A
USGS,10167500,06/18/80,1980,326,A
USGS,10167500,06/19/80,1980,366,A
USGS,10167500,06/20/80,1980,374,A
USGS,10167500,06/21/80,1980,364,A
USGS,10167500,06/22/80,1980,333,A
USGS,10167500,06/23/80,1980,328,A
USGS,10167500,06/24/80,1980,312,A
USGS,10167500,06/25/80,1980,304,A
USGS,10167500,06/26/80,1980,300,A
USGS,10167500,06/27/80,1980,285,A
USGS,10167500,06/28/80,1980,262,A
USGS,10167500,06/29/80,1980,295,A
USGS,10167500,06/30/80,1980,350,A
USGS,10167500,07/01/80,1980,375,A
USGS,10167500,07/02/80,1980,423,A
USGS,10167500,07/03/80,1980,328,A
USGS,10167500,07/04/80,1980,297,A
USGS,10167500,07/05/80,1980,265,A
USGS,10167500,07/06/80,1980,235,A
USGS,10167500,07/07/80,1980,231,A
USGS,10167500,07/08/80,1980,238,A
USGS,10167500,07/09/80,1980,231,A
USGS,10167500,07/10/80,1980,221,A
USGS,10167500,07/11/80,1980,192,A
USGS,10167500,07/12/80,1980,174,A
USGS,10167500,07/13/80,1980,160,A
USGS,10167500,07/14/80,1980,148,A
USGS,10167500,07/15/80,1980,135,A
USGS,10167500,07/16/80,1980,124,A
USGS,10167500,07/17/80,1980,118,A
USGS,10167500,07/18/80,1980,112,A
USGS,10167500,07/19/80,1980,106,A
USGS,10167500,07/20/80,1980,93,A
USGS,10167500,07/21/80,1980,82,A
USGS,10167500,07/22/80,1980,73,A
USGS,10167500,07/23/80,1980,68,A
USGS,10167500,07/24/80,1980,69,A
USGS,10167500,07/25/80,1980,65,A
USGS,10167500,07/26/80,1980,56,A
USGS,10167500,07/27/80,1980,50,A
USGS,10167500,07/28/80,1980,44,A
USGS,10167500,07/29/80,1980,40,A
USGS,10167500,07/30/80,1980,44,A
USGS,10167500,07/31/80,1980,40,A
USGS,10167500,08/01/80,1980,34,A
USGS,10167500,08/02/80,1980,32,A
USGS,10167500,08/03/80,1980,28,A
USGS,10167500,08/04/80,1980,26,A
USGS,10167500,08/05/80,1980,22,A
USGS,10167500,08/06/80,1980,20,A
USGS,10167500,08/07/80,1980,20,A
USGS,10167500,08/08/80,1980,18,A
USGS,10167500,08/09/80,1980,16,A
USGS,10167500,08/10/80,1980,13,A
USGS,10167500,08/11/80,1980,12,A
USGS,10167500,08/12/80,1980,11,A
USGS,10167500,08/13/80,1980,9.6,A
USGS,10167500,08/14/80,1980,8.2,A
USGS,10167500,08/15/80,1980,7,A
USGS,10167500,08/16/80,1980,6,A
USGS,10167500,08/17/80,1980,5,A
USGS,10167500,08/18/80,1980,4.4,A
USGS,10167500,08/19/80,1980,4.8,A
USGS,10167500,08/20/80,1980,5.4,A
USGS,10167500,08/21/80,1980,3.8,A
USGS,10167500,08/22/80,1980,2.9,A
USGS,10167500,08/23/80,1980,5.3,A
USGS,10167500,08/24/80,1980,4.4,A
USGS,10167500,08/25/80,1980,10,A
USGS,10167500,08/26/80,1980,5.4,A
USGS,10167500,08/27/80,1980,3.5,A
USGS,10167500,08/28/80,1980,2.9,A
USGS,10167500,08/29/80,1980,2.7,A
USGS,10167500,08/30/80,1980,2.6,A
USGS,10167500,08/31/80,1980,2.4,A
USGS,10167500,09/01/80,1980,2.3,A
USGS,10167500,09/02/80,1980,2.2,A
USGS,10167500,09/03/80,1980,2.2,A
USGS,10167500,09/04/80,1980,2.5,A
USGS,10167500,09/05/80,1980,2.5,A
USGS,10167500,09/06/80,1980,2.5,A
USGS,10167500,09/07/80,1980,2.8,A
USGS,10167500,09/08/80,1980,2.8,A
USGS,10167500,09/09/80,1980,2.8,A
USGS,10167500,09/10/80,1980,4.8,A
USGS,10167500,09/11/80,1980,4.1,A
USGS,10167500,09/12/80,1980,5.5,A
USGS,10167500,09/13/80,1980,5.9,A
USGS,10167500,09/14/80,1980,4.8,A
USGS,10167500,09/15/80,1980,5.5,A
USGS,10167500,09/16/80,1980,4.1,A
USGS,10167500,09/17/80,1980,2.8,A
USGS,10167500,09/18/80,1980,2.5,A
USGS,10167500,09/19/80,1980,2.8,A
USGS,10167500,09/20/80,1980,2.5,A
USGS,10167500,09/21/80,1980,2.5,A
USGS,10167500,09/22/80,1980,2.5,A
USGS,10167500,09/23/80,1980,2.5,A
USGS,10167500,09/24/80,1980,2.2,A
USGS,10167500,09/25/80,1980,2.2,A
USGS,10167500,09/26/80,1980,2.2,A
USGS,10167500,09/27/80,1980,2.2,A
USGS,10167500,09/28/80,1980,2.2,A
USGS,10167500,09/29/80,1980,2.5,A
